115.5 1.770500e-02
116.5 2.332760e-02
117.5 7.702100e-02
118.5 3.108740e-02
119.5 4.998590e-02
120.5 1.359280e-01
121.5 6.078750e+00
122.5 6.210690e-02
123.5 3.946870e-02
124.5 2.870030e-02
125.5 2.608780e-02
126.5 3.434010e-02
127.5 1.895080e-02
128.5 1.493780e-02
129.5 1.673100e-02
130.5 1.470520e-01
131.5 2.414900e-02
132.5 1.909540e-02
133.5 1.675170e-01
134.5 1.775080e-02
135.5 4.058590e-02
136.5 2.531460e-02
137.5 2.743000e-02
138.5 2.707960e-02
139.5 6.754770e-02
140.5 5.968530e-02
141.5 3.786220e-02
142.5 4.115440e-02
143.5 4.689300e-02
144.5 4.579950e-02
145.5 4.879290e-02
146.5 6.044140e-02
147.5 7.569420e-02
148.5 7.712730e-02
149.5 6.954030e-02
150.5 7.785130e-02
151.5 8.422330e-02
152.5 1.042100e-01
153.5 1.156280e-01
154.5 1.911060e-01
155.5 1.718490e-01
156.5 1.761300e-01
157.5 1.564210e-01
158.5 1.566200e-01
159.5 1.565740e-01
160.5 1.747700e-01
161.5 2.060880e-01
162.5 2.376180e-01
163.5 2.535260e-01
164.5 2.904770e-01
165.5 4.658570e-01
166.5 3.202340e-01
167.5 3.740110e-01
168.5 4.165420e-01
169.5 5.498880e-01
170.5 6.322580e-01
171.5 6.331160e-01
172.5 6.956290e-01
173.5 7.044670e-01
174.5 8.622360e-01
175.5 1.055740e+00
176.5 1.142920e+00
177.5 1.380640e+00
178.5 1.540010e+00
179.5 1.529370e+00
180.5 1.949940e+00
181.5 2.297830e+00
182.5 2.243650e+00
183.5 2.400500e+00
184.5 2.081530e+00
185.5 2.381470e+00
186.5 2.745200e+00
187.5 3.081620e+00
188.5 3.313280e+00
189.5 3.632450e+00
190.5 3.854860e+00
191.5 4.108340e+00
192.5 4.405580e+00
193.5 3.431500e+00
194.5 5.607710e+00
195.5 5.463780e+00
196.5 6.190850e+00
197.5 6.302090e+00
198.5 6.369850e+00
199.5 6.924920e+00
200.5 7.524120e+00
201.5 8.402000e+00
202.5 7.704460e+00
203.5 8.926690e+00
204.5 9.864800e+00
205.5 1.018990e+01
206.5 1.051050e+01
207.5 1.220710e+01
208.5 1.414570e+01
209.5 2.030000e+01
210.5 2.617720e+01
211.5 3.264760e+01
212.5 3.181690e+01
213.5 2.917490e+01
214.5 4.074050e+01
215.5 3.389820e+01
216.5 3.223120e+01
217.5 3.244710e+01
218.5 4.500030e+01
219.5 4.751840e+01
220.5 4.707070e+01
221.5 3.338640e+01
222.5 4.934110e+01
223.5 6.231950e+01
224.5 5.736890e+01
225.5 5.174890e+01
226.5 3.541620e+01
227.5 3.711700e+01
228.5 5.295370e+01
229.5 4.398360e+01
230.5 5.455770e+01
231.5 4.659340e+01
232.5 4.859900e+01
233.5 4.310670e+01
234.5 3.455460e+01
235.5 5.459360e+01
236.5 4.264380e+01
237.5 5.156180e+01
238.5 3.610170e+01
239.5 4.269360e+01
240.5 3.923970e+01
241.5 4.603140e+01
242.5 6.753300e+01
243.5 6.166910e+01
244.5 6.094440e+01
245.5 4.814260e+01
246.5 4.723650e+01
247.5 5.501030e+01
248.5 4.213660e+01
249.5 5.143310e+01
250.5 5.703130e+01
251.5 4.546250e+01
252.5 3.819780e+01
253.5 4.933060e+01
254.5 5.640320e+01
255.5 7.875140e+01
256.5 9.401170e+01
257.5 1.194450e+02
258.5 1.269310e+02
259.5 1.017620e+02
260.5 8.467240e+01
261.5 8.112960e+01
262.5 1.061240e+02
263.5 1.553520e+02
264.5 2.415780e+02
265.5 2.525010e+02
266.5 2.436900e+02
267.5 2.477010e+02
268.5 2.476270e+02
269.5 2.210000e+02
270.5 2.797560e+02
271.5 2.322340e+02
272.5 1.801710e+02
273.5 2.112300e+02
274.5 1.228440e+02
275.5 1.752850e+02
276.5 2.432130e+02
277.5 2.427220e+02
278.5 1.585370e+02
279.5 7.825940e+01
280.5 8.959340e+01
281.5 2.084120e+02
282.5 2.915180e+02
283.5 3.264620e+02
284.5 2.477260e+02
285.5 1.241380e+02
286.5 3.319880e+02
287.5 3.630480e+02
288.5 3.025420e+02
289.5 4.587500e+02
290.5 6.187270e+02
291.5 5.733920e+02
292.5 5.022400e+02
293.5 5.598930e+02
294.5 4.995780e+02
295.5 5.661780e+02
296.5 5.090880e+02
297.5 5.425630e+02
298.5 3.949040e+02
299.5 5.543900e+02
300.5 3.636490e+02
301.5 4.868610e+02
302.5 4.829490e+02
303.5 6.229410e+02
304.5 5.917410e+02
305.5 6.152690e+02
306.5 5.679940e+02
307.5 6.489310e+02
308.5 6.589310e+02
309.5 5.041620e+02
310.5 6.316020e+02
311.5 7.594240e+02
312.5 6.535860e+02
313.5 7.240620e+02
314.5 6.539160e+02
315.5 6.627050e+02
316.5 6.099510e+02
317.5 8.602660e+02
318.5 6.142260e+02
319.5 7.228060e+02
320.5 8.525770e+02
321.5 6.647120e+02
322.5 6.939240e+02
323.5 6.603000e+02
324.5 7.803750e+02
325.5 8.840380e+02
326.5 1.019630e+03
327.5 9.570340e+02
328.5 8.802580e+02
329.5 1.109780e+03
330.5 1.015540e+03
331.5 1.004420e+03
332.5 9.585450e+02
333.5 9.049610e+02
334.5 1.001870e+03
335.5 1.002960e+03
336.5 7.803530e+02
337.5 8.668600e+02
338.5 9.021560e+02
339.5 9.770600e+02
340.5 1.042470e+03
341.5 9.154250e+02
342.5 1.009370e+03
343.5 1.048750e+03
344.5 7.289590e+02
345.5 9.912240e+02
346.5 9.251640e+02
347.5 8.979420e+02
348.5 9.814550e+02
349.5 8.167960e+02
350.5 1.149760e+03
351.5 9.871440e+02
352.5 8.870110e+02
353.5 1.065700e+03
354.5 1.153880e+03
355.5 1.072550e+03
356.5 9.915810e+02
357.5 8.394590e+02
358.5 6.436330e+02
359.5 1.091710e+03
360.5 1.012970e+03
361.5 9.158160e+02
362.5 1.081480e+03
363.5 9.640400e+02
364.5 1.044140e+03
365.5 1.209980e+03
366.5 1.283930e+03
367.5 1.219390e+03
368.5 1.072780e+03
369.5 1.284200e+03
370.5 1.165140e+03
371.5 1.328340e+03
372.5 9.743560e+02
373.5 8.839140e+02
374.5 9.662290e+02
375.5 1.087600e+03
376.5 1.082810e+03
377.5 1.288680e+03
378.5 1.410920e+03
379.5 1.042750e+03
380.5 1.254860e+03
381.5 1.176400e+03
382.5 7.827830e+02
383.5 6.837600e+02
384.5 1.031560e+03
385.5 1.016120e+03
386.5 1.040110e+03
387.5 9.650090e+02
388.5 9.778800e+02
389.5 1.235660e+03
390.5 1.201660e+03
391.5 1.425060e+03
392.5 1.059860e+03
393.5 4.577940e+02
394.5 1.070410e+03
395.5 1.374100e+03
396.5 8.034200e+02
397.5 9.161690e+02
398.5 1.574480e+03
399.5 1.615290e+03
400.5 1.703580e+03
401.5 1.751070e+03
402.5 1.823230e+03
403.5 1.677520e+03
404.5 1.646580e+03
405.5 1.723410e+03
406.5 1.620060e+03
407.5 1.633940e+03
408.5 1.826130e+03
409.5 1.794480e+03
410.5 1.556980e+03
411.5 1.855910e+03
412.5 1.838100e+03
413.5 1.778030e+03
414.5 1.816580e+03
415.5 1.731070e+03
416.5 1.882550e+03
417.5 1.713760e+03
418.5 1.710380e+03
419.5 1.767730e+03
420.5 1.770480e+03
421.5 1.839370e+03
422.5 1.635350e+03
423.5 1.780360e+03
424.5 1.775030e+03
425.5 1.719660e+03
426.5 1.734950e+03
427.5 1.592480e+03
428.5 1.673580e+03
429.5 1.534260e+03
430.5 1.125770e+03
431.5 1.566680e+03
432.5 1.683480e+03
433.5 1.840600e+03
434.5 1.588320e+03
435.5 1.797020e+03
436.5 1.931530e+03
437.5 1.818390e+03
438.5 1.614210e+03
439.5 1.827370e+03
440.5 1.726410e+03
441.5 1.937400e+03
442.5 2.015190e+03
443.5 1.945120e+03
444.5 2.010470e+03
445.5 1.904880e+03
446.5 1.896430e+03
447.5 2.079310e+03
448.5 2.019550e+03
449.5 2.011650e+03
450.5 2.156530e+03
451.5 2.123680e+03
452.5 2.031160e+03
453.5 1.962740e+03
454.5 2.077590e+03
455.5 1.985690e+03
456.5 2.135060e+03
457.5 2.136250e+03
458.5 2.005420e+03
459.5 2.045940e+03
460.5 2.069860e+03
461.5 2.134720e+03
462.5 2.118180e+03
463.5 2.086450e+03
464.5 2.018580e+03
465.5 2.061230e+03
466.5 2.000470e+03
467.5 2.082520e+03
468.5 2.034840e+03
469.5 2.072260e+03
470.5 1.950110e+03
471.5 2.033340e+03
472.5 2.126550e+03
473.5 2.017530e+03
474.5 2.111890e+03
475.5 2.077260e+03
476.5 2.018180e+03
477.5 2.151460e+03
478.5 2.099200e+03
479.5 2.111280e+03
480.5 2.077710e+03
481.5 2.122400e+03
482.5 2.110850e+03
483.5 2.058740e+03
484.5 2.023980e+03
485.5 1.928830e+03
486.5 1.598440e+03
487.5 1.858900e+03
488.5 2.004430e+03
489.5 1.991200e+03
490.5 2.074520e+03
491.5 2.005490e+03
492.5 1.864130e+03
493.5 2.015850e+03
494.5 2.037760e+03
495.5 1.971580e+03
496.5 2.080570e+03
497.5 2.055120e+03
498.5 1.904560e+03
499.5 2.013600e+03
500.5 1.876070e+03
501.5 1.853870e+03
502.5 1.930660e+03
503.5 2.007810e+03
504.5 1.915200e+03
505.5 1.991480e+03
506.5 2.035420e+03
507.5 1.989780e+03
508.5 1.897920e+03
509.5 2.023060e+03
510.5 1.925250e+03
511.5 2.009420e+03
512.5 1.934070e+03
513.5 1.922960e+03
514.5 1.831780e+03
515.5 1.939840e+03
516.5 1.753680e+03
517.5 1.682680e+03
518.5 1.706540e+03
519.5 1.831480e+03
520.5 1.867140e+03
521.5 1.905720e+03
522.5 1.870480e+03
523.5 1.909910e+03
524.5 1.983450e+03
525.5 1.945910e+03
526.5 1.789160e+03
527.5 1.768090e+03
528.5 1.927070e+03
529.5 1.955630e+03
530.5 1.970880e+03
531.5 2.003800e+03
532.5 1.843300e+03
533.5 1.933170e+03
534.5 1.891950e+03
535.5 1.987560e+03
536.5 1.929410e+03
537.5 1.886330e+03
538.5 1.942970e+03
539.5 1.852500e+03
540.5 1.836710e+03
541.5 1.884790e+03
542.5 1.914870e+03
543.5 1.847570e+03
544.5 1.909780e+03
545.5 1.931180e+03
546.5 1.912140e+03
547.5 1.864400e+03
548.5 1.897530e+03
549.5 1.915750e+03
550.5 1.899240e+03
551.5 1.890050e+03
552.5 1.893720e+03
553.5 1.891880e+03
554.5 1.912190e+03
555.5 1.922090e+03
556.5 1.877340e+03
557.5 1.847340e+03
558.5 1.833220e+03
559.5 1.805410e+03
560.5 1.842150e+03
561.5 1.852980e+03
562.5 1.845680e+03
563.5 1.871250e+03
564.5 1.876870e+03
565.5 1.843350e+03
566.5 1.803970e+03
567.5 1.896120e+03
568.5 1.813530e+03
569.5 1.874830e+03
570.5 1.817740e+03
571.5 1.788860e+03
572.5 1.902980e+03
573.5 1.890600e+03
574.5 1.878560e+03
575.5 1.843750e+03
576.5 1.855130e+03
577.5 1.871590e+03
578.5 1.789450e+03
579.5 1.835060e+03
580.5 1.852660e+03
581.5 1.841330e+03
582.5 1.872020e+03
583.5 1.858400e+03
584.5 1.856570e+03
585.5 1.797060e+03
586.5 1.813030e+03
587.5 1.851280e+03
588.5 1.829280e+03
589.5 1.563510e+03
590.5 1.817400e+03
591.5 1.805940e+03
592.5 1.830700e+03
593.5 1.795120e+03
594.5 1.825230e+03
595.5 1.774380e+03
596.5 1.816720e+03
597.5 1.801080e+03
598.5 1.767990e+03
599.5 1.787890e+03
600.5 1.769380e+03
601.5 1.748950e+03
602.5 1.724940e+03
603.5 1.793740e+03
604.5 1.781220e+03
605.5 1.767240e+03
606.5 1.761420e+03
607.5 1.783490e+03
608.5 1.725820e+03
609.5 1.735990e+03
610.5 1.696840e+03
611.5 1.745120e+03
612.5 1.698740e+03
613.5 1.673290e+03
614.5 1.705540e+03
615.5 1.696980e+03
616.5 1.633270e+03
617.5 1.655670e+03
618.5 1.709050e+03
619.5 1.692700e+03
620.5 1.715730e+03
621.5 1.690600e+03
622.5 1.688460e+03
623.5 1.655460e+03
624.5 1.636180e+03
625.5 1.634840e+03
626.5 1.672340e+03
627.5 1.689840e+03
628.5 1.676690e+03
629.5 1.672580e+03
630.5 1.647470e+03
631.5 1.625770e+03
632.5 1.647560e+03
633.5 1.637050e+03
634.5 1.631640e+03
635.5 1.659550e+03
636.5 1.610800e+03
637.5 1.658040e+03
638.5 1.646880e+03
639.5 1.631610e+03
640.5 1.586570e+03
641.5 1.603300e+03
642.5 1.612040e+03
643.5 1.614100e+03
644.5 1.612820e+03
645.5 1.578910e+03
646.5 1.598050e+03
647.5 1.599690e+03
648.5 1.609640e+03
649.5 1.524950e+03
650.5 1.590800e+03
651.5 1.604240e+03
652.5 1.582010e+03
653.5 1.592180e+03
654.5 1.571240e+03
655.5 1.523610e+03
656.5 1.229520e+03
657.5 1.504920e+03
658.5 1.554190e+03
659.5 1.533570e+03
660.5 1.563000e+03
661.5 1.561390e+03
662.5 1.568420e+03
663.5 1.538200e+03
664.5 1.545040e+03
665.5 1.564750e+03
666.5 1.535600e+03
667.5 1.535030e+03
668.5 1.553260e+03
669.5 1.543160e+03
670.5 1.530210e+03
671.5 1.506400e+03
672.5 1.521760e+03
673.5 1.529160e+03
674.5 1.520470e+03
675.5 1.505850e+03
676.5 1.513920e+03
677.5 1.514570e+03
678.5 1.506880e+03
679.5 1.507150e+03
680.5 1.499340e+03
681.5 1.499370e+03
682.5 1.500120e+03
683.5 1.489440e+03
684.5 1.452710e+03
685.5 1.471900e+03
686.5 1.474470e+03
687.5 1.486040e+03
688.5 1.465430e+03
689.5 1.483010e+03
690.5 1.470300e+03
691.5 1.453870e+03
692.5 1.456260e+03
693.5 1.460280e+03
694.5 1.452460e+03
695.5 1.449170e+03
696.5 1.451630e+03
697.5 1.436640e+03
698.5 1.423110e+03
699.5 1.441640e+03
700.5 1.399370e+03
701.5 1.396440e+03
702.5 1.407060e+03
703.5 1.411300e+03
704.5 1.417260e+03
705.5 1.418020e+03
706.5 1.409960e+03
707.5 1.407500e+03
708.5 1.394960e+03
709.5 1.391090e+03
710.5 1.406070e+03
711.5 1.385780e+03
712.5 1.377390e+03
713.5 1.376040e+03
714.5 1.382570e+03
715.5 1.362080e+03
716.5 1.351170e+03
717.5 1.379800e+03
718.5 1.335700e+03
719.5 1.342240e+03
720.5 1.335200e+03
721.5 1.354880e+03
722.5 1.332610e+03
723.5 1.351750e+03
724.5 1.347610e+03
725.5 1.341730e+03
726.5 1.336530e+03
727.5 1.344390e+03
728.5 1.320460e+03
729.5 1.293040e+03
730.5 1.328750e+03
731.5 1.318710e+03
732.5 1.309570e+03
733.5 1.322700e+03
734.5 1.325880e+03
735.5 1.299060e+03
736.5 1.305780e+03
737.5 1.308290e+03
738.5 1.283060e+03
739.5 1.280210e+03
740.5 1.285130e+03
741.5 1.249030e+03
742.5 1.267830e+03
743.5 1.292780e+03
744.5 1.261920e+03
745.5 1.292080e+03
746.5 1.275110e+03
747.5 1.281870e+03
748.5 1.279420e+03
749.5 1.251370e+03
750.5 1.268990e+03
751.5 1.251540e+03
752.5 1.256580e+03
753.5 1.258360e+03
754.5 1.260520e+03
755.5 1.250880e+03
756.5 1.254150e+03
757.5 1.241060e+03
758.5 1.230370e+03
759.5 1.252480e+03
760.5 1.241800e+03
761.5 1.233550e+03
762.5 1.229470e+03
763.5 1.244500e+03
764.5 1.240260e+03
765.5 1.213370e+03
766.5 1.167040e+03
767.5 1.227460e+03
768.5 1.219680e+03
769.5 1.203050e+03
770.5 1.206500e+03
771.5 1.185250e+03
772.5 1.195460e+03
773.5 1.211940e+03
774.5 1.195450e+03
775.5 1.181150e+03
776.5 1.203760e+03
777.5 1.184690e+03
778.5 1.187990e+03
779.5 1.181320e+03
780.5 1.185690e+03
781.5 1.179690e+03
782.5 1.191760e+03
783.5 1.158530e+03
784.5 1.183520e+03
785.5 1.170690e+03
786.5 1.178560e+03
787.5 1.170080e+03
788.5 1.168470e+03
789.5 1.166410e+03
790.5 1.167600e+03
791.5 1.148080e+03
792.5 1.144680e+03
793.5 1.110070e+03
794.5 1.112430e+03
795.5 1.145850e+03
796.5 1.146790e+03
797.5 1.143600e+03
798.5 1.141610e+03
799.5 1.134580e+03
800.5 1.117510e+03
801.5 1.134040e+03
802.5 1.126060e+03
803.5 1.118440e+03
804.5 1.104200e+03
805.5 1.112450e+03
806.5 1.122880e+03
807.5 1.106100e+03
808.5 1.097330e+03
809.5 1.094610e+03
810.5 1.096900e+03
811.5 1.105560e+03
812.5 1.104960e+03
813.5 1.102760e+03
814.5 1.098500e+03
815.5 1.095740e+03
816.5 1.094720e+03
817.5 1.091320e+03
818.5 1.061250e+03
819.5 1.056040e+03
820.5 1.067810e+03
821.5 1.054440e+03
822.5 1.058460e+03
823.5 1.065490e+03
824.5 1.072080e+03
825.5 1.059770e+03
826.5 1.069290e+03
827.5 1.061770e+03
828.5 1.066520e+03
829.5 1.056890e+03
830.5 1.052030e+03
831.5 1.050990e+03
832.5 1.035980e+03
833.5 1.026220e+03
834.5 1.019640e+03
835.5 1.048040e+03
836.5 1.031950e+03
837.5 1.043390e+03
838.5 1.032160e+03
839.5 1.022930e+03
840.5 1.035510e+03
841.5 1.030390e+03
842.5 1.018940e+03
843.5 1.018750e+03
844.5 1.004820e+03
845.5 1.027300e+03
846.5 1.024430e+03
847.5 1.005210e+03
848.5 1.017370e+03
849.5 9.781340e+02
850.5 9.256980e+02
851.5 9.872000e+02
852.5 9.895020e+02
853.5 9.597520e+02
854.5 7.103070e+02
855.5 9.531060e+02
856.5 9.920570e+02
857.5 9.933640e+02
858.5 9.878590e+02
859.5 9.837640e+02
860.5 9.856870e+02
861.5 9.723370e+02
862.5 9.829510e+02
863.5 9.839530e+02
864.5 9.825520e+02
865.5 9.458040e+02
866.5 7.656820e+02
867.5 9.421680e+02
868.5 9.589340e+02
869.5 9.433430e+02
870.5 9.603910e+02
871.5 9.491930e+02
872.5 9.598810e+02
873.5 9.319220e+02
874.5 9.458710e+02
875.5 9.269500e+02
876.5 9.458610e+02
877.5 9.397570e+02
878.5 9.521760e+02
879.5 9.275820e+02
880.5 9.016690e+02
881.5 9.405080e+02
882.5 9.321530e+02
883.5 9.434600e+02
884.5 9.271550e+02
885.5 9.370320e+02
886.5 8.960570e+02
887.5 9.215560e+02
888.5 9.286080e+02
889.5 9.262180e+02
890.5 9.258770e+02
891.5 9.190150e+02
892.5 9.026940e+02
893.5 9.214930e+02
894.5 9.072350e+02
895.5 9.184570e+02
896.5 9.162120e+02
897.5 9.061620e+02
898.5 9.095210e+02
899.5 9.085640e+02
900.5 8.876100e+02
901.5 8.426130e+02
902.5 8.731620e+02
903.5 8.969750e+02
904.5 9.023970e+02
905.5 8.965330e+02
906.5 8.744570e+02
907.5 8.955770e+02
908.5 8.759780e+02
909.5 8.493500e+02
910.5 8.815330e+02
911.5 8.718430e+02
912.5 8.812530e+02
913.5 8.835350e+02
914.5 8.747380e+02
915.5 8.702830e+02
916.5 8.732150e+02
917.5 8.646480e+02
918.5 8.693610e+02
919.5 8.658900e+02
920.5 8.587380e+02
921.5 8.314480e+02
922.5 8.331150e+02
923.5 8.164570e+02
924.5 8.344150e+02
925.5 8.282940e+02
926.5 8.343920e+02
927.5 8.535880e+02
928.5 8.459240e+02
929.5 8.414780e+02
930.5 8.482040e+02
931.5 8.424790e+02
932.5 8.397700e+02
933.5 8.411630e+02
934.5 8.420570e+02
935.5 8.332260e+02
936.5 8.324200e+02
937.5 8.299480e+02
938.5 8.328780e+02
939.5 8.242360e+02
940.5 8.073280e+02
941.5 7.835380e+02
942.5 8.240280e+02
943.5 8.038240e+02
944.5 7.981990e+02
945.5 8.120310e+02
946.5 8.158860e+02
947.5 8.178060e+02
948.5 8.168390e+02
949.5 8.144990e+02
950.5 8.108410e+02
951.5 8.069280e+02
952.5 8.016560e+02
953.5 7.943770e+02
954.5 7.579490e+02
955.5 7.754010e+02
956.5 7.968670e+02
957.5 7.858660e+02
958.5 7.986910e+02
959.5 7.955900e+02
960.5 7.863480e+02
961.5 7.958030e+02
962.5 7.732440e+02
963.5 7.881950e+02
964.5 7.828010e+02
965.5 7.770530e+02
966.5 7.721980e+02
967.5 7.760860e+02
968.5 7.841430e+02
969.5 7.744740e+02
970.5 7.687670e+02
971.5 7.799450e+02
972.5 7.762310e+02
973.5 7.694210e+02
974.5 7.587450e+02
975.5 7.677260e+02
976.5 7.612690e+02
977.5 7.671790e+02
978.5 7.596000e+02
979.5 7.614260e+02
980.5 7.580010e+02
981.5 7.620340e+02
982.5 7.609790e+02
983.5 7.579260e+02
984.5 7.588820e+02
985.5 7.540650e+02
986.5 7.506590e+02
987.5 7.484260e+02
988.5 7.492770e+02
989.5 7.386660e+02
990.5 7.465730e+02
991.5 7.450420e+02
992.5 7.457200e+02
993.5 7.397890e+02
994.5 7.396410e+02
995.5 7.375850e+02
996.5 7.388250e+02
997.5 7.375780e+02
998.5 7.320660e+02
999.5 7.302940e+02
1000.5 7.312020e+02
1001.5 7.290460e+02
1002.5 7.260700e+02
1003.5 7.132870e+02
1004.5 6.983540e+02
1005.5 6.586040e+02
1006.5 7.022440e+02
1007.5 7.145260e+02
1008.5 7.173020e+02
1009.5 7.166730e+02
1010.5 7.183180e+02
1011.5 7.140220e+02
1012.5 7.097690e+02
1013.5 7.129250e+02
1014.5 7.029640e+02
1015.5 7.063840e+02
1016.5 7.113030e+02
1017.5 7.055500e+02
1018.5 7.084990e+02
1019.5 6.992080e+02
1020.5 7.047900e+02
1021.5 6.918250e+02
1022.5 6.984250e+02
1023.5 6.954310e+02
1024.5 6.971800e+02
1025.5 6.950430e+02
1026.5 6.936040e+02
1027.5 6.927070e+02
1028.5 6.920140e+02
1029.5 6.845350e+02
1030.5 6.857290e+02
1031.5 6.860920e+02
1032.5 6.856000e+02
1033.5 6.705060e+02
1034.5 6.692070e+02
1035.5 6.775380e+02
1036.5 6.784930e+02
1037.5 6.665890e+02
1038.5 6.723750e+02
1039.5 6.689430e+02
1040.5 6.714390e+02
1041.5 6.713690e+02
1042.5 6.679990e+02
1043.5 6.673530e+02
1044.5 6.678260e+02
1045.5 6.498930e+02
1046.5 6.579120e+02
1047.5 6.577040e+02
1048.5 6.613420e+02
1049.5 6.604890e+02
1050.5 6.587570e+02
1051.5 6.560320e+02
1052.5 6.564690e+02
1053.5 6.464120e+02
1054.5 6.518290e+02
1055.5 6.519400e+02
1056.5 6.510500e+02
1057.5 6.500570e+02
1058.5 6.172220e+02
1059.5 6.473890e+02
1060.5 6.274190e+02
1061.5 6.414860e+02
1062.5 6.430250e+02
1063.5 6.321970e+02
1064.5 6.404630e+02
1065.5 6.382050e+02
1066.5 6.173960e+02
1067.5 6.341800e+02
1068.5 6.103100e+02
1069.5 5.883810e+02
1070.5 6.312430e+02
1071.5 6.230800e+02
1072.5 6.256200e+02
1073.5 6.045470e+02
1074.5 6.238850e+02
1075.5 5.986380e+02
1076.5 6.249890e+02
1077.5 6.219080e+02
1078.5 5.962720e+02
1079.5 6.142280e+02
1080.5 6.190060e+02
1081.5 5.892670e+02
1082.5 5.995520e+02
1083.5 5.874840e+02
1084.5 5.990460e+02
1085.5 6.105300e+02
1086.5 6.052230e+02
1087.5 5.662810e+02
1088.5 5.882670e+02
1089.5 6.007430e+02
1090.5 6.045990e+02
1091.5 5.924440e+02
1092.5 5.971970e+02
1093.5 5.724670e+02
1094.5 5.474840e+02
1095.5 5.817190e+02
1096.5 5.669950e+02
1097.5 5.899340e+02
1098.5 5.636420e+02
1099.5 5.888060e+02
1100.5 5.866910e+02
1101.5 5.811010e+02
1102.5 5.697620e+02
1103.5 5.827650e+02
1104.5 5.811270e+02
1105.5 5.812540e+02
1106.5 5.828010e+02
1107.5 5.802320e+02
1108.5 5.792430e+02
1109.5 5.777660e+02
1110.5 5.774720e+02
1111.5 5.762850e+02
1112.5 5.684800e+02
1113.5 5.686760e+02
1114.5 5.706220e+02
1115.5 5.704270e+02
1116.5 5.710840e+02
1117.5 5.706270e+02
1118.5 5.679920e+02
1119.5 5.528200e+02
1120.5 5.614110e+02
1121.5 5.648570e+02
1122.5 5.671820e+02
1123.5 5.616600e+02
1124.5 5.602280e+02
1125.5 5.419480e+02
1126.5 5.613530e+02
1127.5 5.611920e+02
1128.5 5.558620e+02
1129.5 5.473240e+02
1130.5 5.519290e+02
1131.5 5.497430e+02
1132.5 5.546740e+02
1133.5 5.469810e+02
1134.5 5.522300e+02
1135.5 5.427420e+02
1136.5 5.526130e+02
1137.5 5.450840e+02
1138.5 5.370600e+02
1139.5 5.384700e+02
1140.5 5.250610e+02
1141.5 5.356420e+02
1142.5 5.374220e+02
1143.5 5.433500e+02
1144.5 5.362140e+02
1145.5 5.380530e+02
1146.5 5.371630e+02
1147.5 5.389120e+02
1148.5 5.305920e+02
1149.5 5.356150e+02
1150.5 5.299750e+02
1151.5 5.355440e+02
1152.5 5.317820e+02
1153.5 5.331660e+02
1154.5 5.315860e+02
1155.5 5.310560e+02
1156.5 5.305980e+02
1157.5 5.273680e+02
1158.5 5.276530e+02
1159.5 5.052510e+02
1160.5 5.238080e+02
1161.5 5.009190e+02
1162.5 5.207820e+02
1163.5 5.178570e+02
1164.5 5.091630e+02
1165.5 5.147930e+02
1166.5 5.117000e+02
1167.5 5.112580e+02
1168.5 5.176760e+02
1169.5 5.047860e+02
1170.5 5.122620e+02
1171.5 5.154610e+02
1172.5 5.144780e+02
1173.5 5.148740e+02
1174.5 5.124860e+02
1175.5 4.837930e+02
1176.5 5.115920e+02
1177.5 5.009560e+02
1178.5 4.979970e+02
1179.5 5.070770e+02
1180.5 5.055750e+02
1181.5 5.055600e+02
1182.5 4.982410e+02
1183.5 4.603340e+02
1184.5 4.898020e+02
1185.5 5.006800e+02
1186.5 4.973070e+02
1187.5 4.998870e+02
1188.5 4.788610e+02
1189.5 4.857250e+02
1190.5 4.969370e+02
1191.5 4.976200e+02
1192.5 4.944250e+02
1193.5 4.959960e+02
1194.5 4.938260e+02
1195.5 4.856290e+02
1196.5 4.931380e+02
1197.5 4.772720e+02
1198.5 4.591820e+02
1199.5 4.673180e+02
1200.5 4.863720e+02
1201.5 4.880320e+02
1202.5 4.870980e+02
1203.5 4.490800e+02
1204.5 4.809290e+02
1205.5 4.829320e+02
1206.5 4.836360e+02
1207.5 4.831230e+02
1208.5 4.517260e+02
1209.5 4.795900e+02
1210.5 4.612700e+02
1211.5 4.729670e+02
1212.5 4.764950e+02
1213.5 4.727560e+02
1214.5 4.767920e+02
1215.5 4.755200e+02
1216.5 4.752540e+02
1217.5 4.708770e+02
1218.5 4.700220e+02
1219.5 4.668910e+02
1220.5 4.705530e+02
1221.5 4.688900e+02
1222.5 4.688080e+02
1223.5 4.642920e+02
1224.5 4.674670e+02
1225.5 4.665150e+02
1226.5 4.636590e+02
1227.5 4.505190e+02
1228.5 4.625510e+02
1229.5 4.594090e+02
1230.5 4.615510e+02
1231.5 4.598910e+02
1232.5 4.600810e+02
1233.5 4.583570e+02
1234.5 4.567370e+02
1235.5 4.572570e+02
1236.5 4.567760e+02
1237.5 4.572120e+02
1238.5 4.562960e+02
1239.5 4.458690e+02
1240.5 4.535240e+02
1241.5 4.516150e+02
1242.5 4.458990e+02
1243.5 4.419060e+02
1244.5 4.486910e+02
1245.5 4.497770e+02
1246.5 4.459620e+02
1247.5 4.483320e+02
1248.5 4.458950e+02
1249.5 4.464630e+02
1250.5 4.457180e+02
1251.5 4.449570e+02
1252.5 4.395640e+02
1253.5 4.433560e+02
1254.5 4.431800e+02
1255.5 4.402320e+02
1256.5 4.362740e+02
1257.5 4.377560e+02
1258.5 4.330870e+02
1259.5 4.377160e+02
1260.5 4.357220e+02
1261.5 4.282840e+02
1262.5 4.365350e+02
1263.5 4.306040e+02
1264.5 4.304600e+02
1265.5 4.299230e+02
1266.5 4.324760e+02
1267.5 4.317640e+02
1268.5 4.225580e+02
1269.5 4.316030e+02
1270.5 4.306660e+02
1271.5 4.301240e+02
1272.5 4.292030e+02
1273.5 4.279080e+02
1274.5 4.244090e+02
1275.5 4.255970e+02
1276.5 4.244210e+02
1277.5 4.229150e+02
1278.5 4.208000e+02
1279.5 4.168950e+02
1280.5 4.115300e+02
1281.5 3.883200e+02
1282.5 3.598350e+02
1283.5 4.054770e+02
1284.5 4.112490e+02
1285.5 4.140880e+02
1286.5 4.159490e+02
1287.5 4.153960e+02
1288.5 4.124970e+02
1289.5 4.147080e+02
1290.5 4.057850e+02
1291.5 4.124480e+02
1292.5 4.139560e+02
1293.5 4.111510e+02
1294.5 4.122710e+02
1295.5 4.121270e+02
1296.5 4.117060e+02
1297.5 4.054160e+02
1298.5 4.103080e+02
1299.5 4.096410e+02
1300.5 4.086560e+02
1301.5 4.063710e+02
1302.5 4.078010e+02
1303.5 3.986450e+02
1304.5 4.055300e+02
1305.5 4.034400e+02
1306.5 4.036420e+02
1307.5 4.037410e+02
1308.5 4.020980e+02
1309.5 4.023410e+02
1310.5 3.943630e+02
1311.5 4.010630e+02
1312.5 3.818030e+02
1313.5 3.970510e+02
1314.5 3.989260e+02
1315.5 3.782890e+02
1316.5 3.966550e+02
1317.5 3.951090e+02
1318.5 3.853940e+02
1319.5 3.956300e+02
1320.5 3.932080e+02
1321.5 3.928420e+02
1322.5 3.930720e+02
1323.5 3.925330e+02
1324.5 3.920800e+02
1325.5 3.903730e+02
1326.5 3.886480e+02
1327.5 3.898300e+02
1328.5 3.856550e+02
1329.5 3.721220e+02
1330.5 3.876270e+02
1331.5 3.824150e+02
1332.5 3.721390e+02
1333.5 3.857630e+02
1334.5 3.851820e+02
1335.5 3.801100e+02
1336.5 3.838020e+02
1337.5 3.830280e+02
1338.5 3.814000e+02
1339.5 3.740980e+02
1340.5 3.810510e+02
1341.5 3.782470e+02
1342.5 3.796830e+02
1343.5 3.740030e+02
1344.5 3.783160e+02
1345.5 3.773400e+02
1346.5 3.765300e+02
1347.5 3.762800e+02
1348.5 3.756020e+02
1349.5 3.723250e+02
1350.5 3.650650e+02
1351.5 3.735860e+02
1352.5 3.725190e+02
1353.5 3.722540e+02
1354.5 3.715930e+02
1355.5 3.701550e+02
1356.5 3.633820e+02
1357.5 3.695720e+02
1358.5 3.689570e+02
1359.5 3.683040e+02
1360.5 3.665020e+02
1361.5 3.670010e+02
1362.5 3.663240e+02
1363.5 3.585160e+02
1364.5 3.650710e+02
1365.5 3.644300e+02
1366.5 3.632730e+02
1367.5 3.594600e+02
1368.5 3.625280e+02
1369.5 3.579010e+02
1370.5 3.606900e+02
1371.5 3.553220e+02
1372.5 3.580190e+02
1373.5 3.594080e+02
1374.5 3.570920e+02
1375.5 3.578370e+02
1376.5 3.575710e+02
1377.5 3.556720e+02
1378.5 3.552920e+02
1379.5 3.546140e+02
1380.5 3.551510e+02
1381.5 3.545500e+02
1382.5 3.539540e+02
1383.5 3.533620e+02
1384.5 3.522540e+02
1385.5 3.521780e+02
1386.5 3.472940e+02
1387.5 3.492060e+02
1388.5 3.485860e+02
1389.5 3.498300e+02
1390.5 3.446010e+02
1391.5 3.483020e+02
1392.5 3.481140e+02
1393.5 3.475400e+02
1394.5 3.455380e+02
1395.5 3.463980e+02
1396.5 3.439750e+02
1397.5 3.431960e+02
1398.5 3.436180e+02
1399.5 3.417140e+02
1400.5 3.435770e+02
1401.5 3.377330e+02
1402.5 3.416300e+02
1403.5 3.404920e+02
1404.5 3.398850e+02
1405.5 3.407920e+02
1406.5 3.372900e+02
1407.5 3.358210e+02
1408.5 3.367450e+02
1409.5 3.386110e+02
1410.5 3.359310e+02
1411.5 3.344020e+02
1412.5 3.319050e+02
1413.5 3.316080e+02
1414.5 3.356920e+02
1415.5 3.353430e+02
1416.5 3.341720e+02
1417.5 3.312710e+02
1418.5 3.321500e+02
1419.5 3.330210e+02
1420.5 3.299940e+02
1421.5 3.309340e+02
1422.5 3.219700e+02
1423.5 3.298250e+02
1424.5 3.251190e+02
1425.5 3.259250e+02
1426.5 3.276540e+02
1427.5 3.278750e+02
1428.5 3.196600e+02
1429.5 3.201570e+02
1430.5 3.257320e+02
1431.5 3.238240e+02
1432.5 3.247350e+02
1433.5 3.219310e+02
1434.5 3.253820e+02
1435.5 3.217920e+02
1436.5 3.209230e+02
1437.5 3.230940e+02
1438.5 3.230910e+02
1439.5 3.196520e+02
1440.5 2.986350e+02
1441.5 3.202390e+02
1442.5 3.135850e+02
1443.5 3.147250e+02
1444.5 3.083910e+02
1445.5 3.197620e+02
1446.5 3.133150e+02
1447.5 3.177090e+02
1448.5 3.141770e+02
1449.5 3.160080e+02
1450.5 3.136730e+02
1451.5 3.043980e+02
1452.5 3.123040e+02
1453.5 3.149340e+02
1454.5 3.001990e+02
1455.5 3.037460e+02
1456.5 3.095290e+02
1457.5 3.105840e+02
1458.5 3.116000e+02
1459.5 3.081120e+02
1460.5 3.105060e+02
1461.5 3.076640e+02
1462.5 3.088250e+02
1463.5 3.093380e+02
1464.5 3.066520e+02
1465.5 2.981400e+02
1466.5 3.091000e+02
1467.5 3.075150e+02
1468.5 3.052020e+02
1469.5 3.064710e+02
1470.5 3.032580e+02
1471.5 3.017760e+02
1472.5 3.040110e+02
1473.5 3.035850e+02
1474.5 3.019800e+02
1475.5 2.976560e+02
1476.5 3.040900e+02
1477.5 2.988680e+02
1478.5 2.953140e+02
1479.5 3.018000e+02
1480.5 3.020530e+02
1481.5 2.977300e+02
1482.5 2.999960e+02
1483.5 2.918310e+02
1484.5 2.960590e+02
1485.5 2.972500e+02
1486.5 2.950630e+02
1487.5 2.837620e+02
1488.5 2.567830e+02
1489.5 2.944070e+02
1490.5 2.920600e+02
1491.5 2.943710e+02
1492.5 2.967970e+02
1493.5 2.953310e+02
1494.5 2.910770e+02
1495.5 2.922070e+02
1496.5 2.870190e+02
1497.5 2.918700e+02
1498.5 2.904540e+02
1499.5 2.908800e+02
1500.5 2.922920e+02
1501.5 2.892420e+02
1502.5 2.569960e+02
1503.5 2.767260e+02
1504.5 2.558410e+02
1505.5 2.611100e+02
1506.5 2.898560e+02
1507.5 2.898580e+02
1508.5 2.863350e+02
1509.5 2.826020e+02
1510.5 2.868340e+02
1511.5 2.876850e+02
1512.5 2.828460e+02
1513.5 2.856080e+02
1514.5 2.816080e+02
1515.5 2.867540e+02
1516.5 2.776110e+02
1517.5 2.837540e+02
1518.5 2.808020e+02
1519.5 2.844060e+02
1520.5 2.817550e+02
1521.5 2.759830e+02
1522.5 2.718420e+02
1523.5 2.804640e+02
1524.5 2.744230e+02
1525.5 2.810610e+02
1526.5 2.784500e+02
1527.5 2.810950e+02
1528.5 2.802340e+02
1529.5 2.635450e+02
1530.5 2.762290e+02
1531.5 2.793120e+02
1532.5 2.782720e+02
1533.5 2.721730e+02
1534.5 2.747310e+02
1535.5 2.762360e+02
1536.5 2.760740e+02
1537.5 2.763700e+02
1538.5 2.699790e+02
1539.5 2.667190e+02
1540.5 2.690890e+02
1541.5 2.753580e+02
1542.5 2.706150e+02
1543.5 2.740530e+02
1544.5 2.738160e+02
1545.5 2.721530e+02
1546.5 2.707120e+02
1547.5 2.690240e+02
1548.5 2.678780e+02
1549.5 2.700420e+02
1550.5 2.628820e+02
1551.5 2.682140e+02
1552.5 2.680310e+02
1553.5 2.625300e+02
1554.5 2.631430e+02
1555.5 2.622040e+02
1556.5 2.598770e+02
1557.5 2.662760e+02
1558.5 2.670300e+02
1559.5 2.539620e+02
1560.5 2.607130e+02
1561.5 2.611580e+02
1562.5 2.570710e+02
1563.5 2.563360e+02
1564.5 2.628000e+02
1565.5 2.589420e+02
1566.5 2.563020e+02
1567.5 2.598860e+02
1568.5 2.541380e+02
1569.5 2.439810e+02
1570.5 2.606730e+02
1571.5 2.607370e+02
1572.5 2.557690e+02
1573.5 2.573860e+02
1574.5 2.430380e+02
1575.5 2.375530e+02
1576.5 2.436570e+02
1577.5 2.252670e+02
1578.5 2.575600e+02
1579.5 2.538300e+02
1580.5 2.527590e+02
1581.5 2.537480e+02
1582.5 2.384460e+02
1583.5 2.425000e+02
1584.5 2.511840e+02
1585.5 2.525390e+02
1586.5 2.505530e+02
1587.5 2.483400e+02
1588.5 2.391760e+02
1589.5 2.123730e+02
1590.5 2.379220e+02
1591.5 2.412050e+02
1592.5 2.472190e+02
1593.5 2.504220e+02
1594.5 2.467650e+02
1595.5 2.466410e+02
1596.5 2.292420e+02
1597.5 2.439630e+02
1598.5 2.429370e+02
1599.5 2.512510e+02
1600.5 2.450160e+02
1601.5 2.351260e+02
1602.5 2.437460e+02
1603.5 2.488410e+02
1604.5 2.350350e+02
1605.5 2.479830e+02
1606.5 2.401530e+02
1607.5 2.411200e+02
1608.5 2.434050e+02
1609.5 2.315850e+02
1610.5 2.349460e+02
1611.5 2.422080e+02
1612.5 2.384390e+02
1613.5 2.368270e+02
1614.5 2.420290e+02
1615.5 2.378950e+02
1616.5 2.286030e+02
1617.5 2.388270e+02
1618.5 2.348790e+02
1619.5 2.367850e+02
1620.5 2.289790e+02
1621.5 2.315580e+02
1622.5 2.374140e+02
1623.5 2.352080e+02
1624.5 2.328530e+02
1625.5 2.371730e+02
1626.5 2.399190e+02
1627.5 2.397920e+02
1628.5 2.356770e+02
1629.5 2.371740e+02
1630.5 2.376650e+02
1631.5 2.348260e+02
1632.5 2.238940e+02
1633.5 2.335660e+02
1634.5 2.354250e+02
1635.5 2.329390e+02
1636.5 2.251820e+02
1637.5 2.293770e+02
1638.5 2.119510e+02
1639.5 2.246910e+02
1640.5 2.183410e+02
1641.5 2.213990e+02
1642.5 2.252400e+02
1643.5 2.251750e+02
1644.5 2.183410e+02
1645.5 2.268320e+02
1646.5 2.285990e+02
1647.5 2.229520e+02
1648.5 2.253060e+02
1649.5 2.187110e+02
1650.5 2.278730e+02
1651.5 2.262310e+02
1652.5 2.125910e+02
1653.5 2.249050e+02
1654.5 2.173440e+02
1655.5 2.237170e+02
1656.5 2.182000e+02
1657.5 2.254210e+02
1658.5 2.241430e+02
1659.5 2.225030e+02
1660.5 2.241560e+02
1661.5 2.203010e+02
1662.5 2.221240e+02
1663.5 2.200210e+02
1664.5 2.222590e+02
1665.5 2.133880e+02
1666.5 2.155320e+02
1667.5 2.176620e+02
1668.5 2.100470e+02
1669.5 2.174700e+02
1670.5 2.190830e+02
1671.5 2.173330e+02
1672.5 2.047000e+02
1673.5 2.163940e+02
1674.5 2.159120e+02
1675.5 2.014750e+02
1676.5 2.080520e+02
1677.5 2.130420e+02
1678.5 2.111140e+02
1679.5 2.081480e+02
1680.5 2.048460e+02
1681.5 2.045220e+02
1682.5 2.028780e+02
1683.5 2.056820e+02
1684.5 2.084520e+02
1685.5 2.097500e+02
1686.5 2.076010e+02
1687.5 2.072780e+02
1688.5 2.092150e+02
1689.5 2.007460e+02
1690.5 2.093240e+02
1691.5 2.094270e+02
1692.5 2.095320e+02
1693.5 2.054880e+02
1694.5 2.080900e+02
1695.5 2.073770e+02
1696.5 2.043240e+02
1697.5 2.047890e+02
1698.5 2.069950e+02
1699.5 2.068420e+02
1700.5 2.004370e+02
1701.5 1.998770e+02
1702.5 2.055460e+02
1703.5 2.046670e+02
1704.5 2.030880e+02
1705.5 2.036610e+02
1706.5 2.021280e+02
1707.5 2.007980e+02
1708.5 2.029760e+02
1709.5 2.016020e+02
1710.5 2.003020e+02
1711.5 1.792990e+02
1712.5 2.010860e+02
1713.5 2.001700e+02
1714.5 2.002070e+02
1715.5 2.002150e+02
1716.5 1.971670e+02
1717.5 1.982760e+02
1718.5 1.989540e+02
1719.5 1.980620e+02
1720.5 1.951280e+02
1721.5 1.951700e+02
1722.5 1.947880e+02
1723.5 1.871200e+02
1724.5 1.954640e+02
1725.5 1.949010e+02
1726.5 1.934710e+02
1727.5 1.910580e+02
1728.5 1.891910e+02
1729.5 1.909920e+02
1730.5 1.877330e+02
1731.5 1.889030e+02
1732.5 1.833880e+02
1733.5 1.761750e+02
1734.5 1.792000e+02
1735.5 1.809820e+02
1736.5 1.759890e+02
1737.5 1.793790e+02
1738.5 1.829320e+02
1739.5 1.830720e+02
1740.5 1.832990e+02
1741.5 1.779190e+02
1742.5 1.856680e+02
1743.5 1.839340e+02
1744.5 1.862600e+02
1745.5 1.812230e+02
1746.5 1.831670e+02
1747.5 1.792360e+02
1748.5 1.824510e+02
1749.5 1.852800e+02
1750.5 1.840710e+02
1751.5 1.811200e+02
1752.5 1.807750e+02
1753.5 1.827550e+02
1754.5 1.810890e+02
1755.5 1.792090e+02
1756.5 1.833730e+02
1757.5 1.824480e+02
1758.5 1.789160e+02
1759.5 1.816030e+02
1760.5 1.814650e+02
1761.5 1.755170e+02
1762.5 1.727080e+02
1763.5 1.794690e+02
1764.5 1.761130e+02
1765.5 1.805960e+02
1766.5 1.799430e+02
1767.5 1.788430e+02
1768.5 1.769790e+02
1769.5 1.785200e+02
1770.5 1.769570e+02
1771.5 1.737070e+02
1772.5 1.725380e+02
1773.5 1.747530e+02
1774.5 1.737650e+02
1775.5 1.740600e+02
1776.5 1.743460e+02
1777.5 1.683980e+02
1778.5 1.757080e+02
1779.5 1.722840e+02
1780.5 1.744820e+02
1781.5 1.706000e+02
1782.5 1.728550e+02
1783.5 1.685850e+02
1784.5 1.673080e+02
1785.5 1.700910e+02
1786.5 1.720220e+02
1787.5 1.723520e+02
1788.5 1.708830e+02
1789.5 1.697270e+02
1790.5 1.698070e+02
1791.5 1.710520e+02
1792.5 1.685900e+02
1793.5 1.652180e+02
1794.5 1.625870e+02
1795.5 1.686630e+02
1796.5 1.662370e+02
1797.5 1.663570e+02
1798.5 1.642960e+02
1799.5 1.628720e+02
1800.5 1.656510e+02
1801.5 1.619550e+02
1802.5 1.627540e+02
1803.5 1.626730e+02
1804.5 1.630150e+02
1805.5 1.625030e+02
1806.5 1.605070e+02
1807.5 1.615100e+02
1808.5 1.622840e+02
1809.5 1.607830e+02
1810.5 1.574500e+02
1811.5 1.596750e+02
1812.5 1.588350e+02
1813.5 1.580670e+02
1814.5 1.558210e+02
1815.5 1.554560e+02
1816.5 1.526960e+02
1817.5 1.491680e+02
1818.5 1.505580e+02
1819.5 1.516930e+02
1820.5 1.554680e+02
1821.5 1.570760e+02
1822.5 1.524290e+02
1823.5 1.561400e+02
1824.5 1.573560e+02
1825.5 1.583820e+02
1826.5 1.579510e+02
1827.5 1.565780e+02
1828.5 1.525820e+02
1829.5 1.573330e+02
1830.5 1.568910e+02
1831.5 1.571990e+02
1832.5 1.526530e+02
1833.5 1.565790e+02
1834.5 1.565380e+02
1835.5 1.563370e+02
1836.5 1.550980e+02
1837.5 1.440800e+02
1838.5 1.505470e+02
1839.5 1.533900e+02
1840.5 1.488790e+02
1841.5 1.495780e+02
1842.5 1.452990e+02
1843.5 1.504690e+02
1844.5 1.515490e+02
1845.5 1.483650e+02
1846.5 1.484820e+02
1847.5 1.391120e+02
1848.5 1.492250e+02
1849.5 1.520730e+02
1850.5 1.451670e+02
1851.5 1.518620e+02
1852.5 1.505580e+02
1853.5 1.503890e+02
1854.5 1.496650e+02
1855.5 1.452950e+02
1856.5 1.505330e+02
1857.5 1.487630e+02
1858.5 1.472110e+02
1859.5 1.466300e+02
1860.5 1.485060e+02
1861.5 1.470370e+02
1862.5 1.484290e+02
1863.5 1.481590e+02
1864.5 1.469230e+02
1865.5 1.453430e+02
1866.5 1.452470e+02
1867.5 1.471930e+02
1868.5 1.463890e+02
1869.5 1.449490e+02
1870.5 1.441280e+02
1871.5 1.432530e+02
1872.5 1.369530e+02
1873.5 1.395350e+02
1874.5 1.318820e+02
1875.5 1.075320e+02
1876.5 1.292370e+02
1877.5 1.340920e+02
1878.5 1.384530e+02
1879.5 1.412100e+02
1880.5 1.418000e+02
1881.5 1.426050e+02
1882.5 1.393060e+02
1883.5 1.420970e+02
1884.5 1.408850e+02
1885.5 1.383300e+02
1886.5 1.384820e+02
1887.5 1.406890e+02
1888.5 1.392250e+02
1889.5 1.378370e+02
1890.5 1.403390e+02
1891.5 1.359410e+02
1892.5 1.393080e+02
1893.5 1.357130e+02
1894.5 1.370600e+02
1895.5 1.364840e+02
1896.5 1.339440e+02
1897.5 1.381830e+02
1898.5 1.390450e+02
1899.5 1.357740e+02
1900.5 1.377580e+02
1901.5 1.377110e+02
1902.5 1.375220e+02
1903.5 1.339650e+02
1904.5 1.374240e+02
1905.5 1.360380e+02
1906.5 1.369020e+02
1907.5 1.352840e+02
1908.5 1.354350e+02
1909.5 1.359160e+02
1910.5 1.346290e+02
1911.5 1.322680e+02
1912.5 1.345500e+02
1913.5 1.350910e+02
1914.5 1.350120e+02
1915.5 1.344770e+02
1916.5 1.333460e+02
1917.5 1.339490e+02
1918.5 1.331090e+02
1919.5 1.280130e+02
1920.5 1.302600e+02
1921.5 1.319790e+02
1922.5 1.319090e+02
1923.5 1.319670e+02
1924.5 1.324460e+02
1925.5 1.321600e+02
1926.5 1.298770e+02
1927.5 1.312010e+02
1928.5 1.279950e+02
1929.5 1.311500e+02
1930.5 1.298460e+02
1931.5 1.246020e+02
1932.5 1.303240e+02
1933.5 1.296170e+02
1934.5 1.273380e+02
1935.5 1.292140e+02
1936.5 1.285240e+02
1937.5 1.279670e+02
1938.5 1.270240e+02
1939.5 1.219790e+02
1940.5 1.255250e+02
1941.5 1.243480e+02
1942.5 1.233800e+02
1943.5 1.147750e+02
1944.5 1.155580e+02
1945.5 1.086960e+02
1946.5 1.196420e+02
1947.5 1.216280e+02
1948.5 1.218360e+02
1949.5 1.195300e+02
1950.5 1.239660e+02
1951.5 1.136620e+02
1952.5 1.248800e+02
1953.5 1.238480e+02
1954.5 1.241980e+02
1955.5 1.245830e+02
1956.5 1.241360e+02
1957.5 1.236030e+02
1958.5 1.234920e+02
1959.5 1.228930e+02
1960.5 1.231200e+02
1961.5 1.214250e+02
1962.5 1.224120e+02
1963.5 1.234330e+02
1964.5 1.206890e+02
1965.5 1.230540e+02
1966.5 1.227790e+02
1967.5 1.225700e+02
1968.5 1.223980e+02
1969.5 1.214820e+02
1970.5 1.220730e+02
1971.5 1.214240e+02
1972.5 1.123710e+02
1973.5 1.179920e+02
1974.5 1.201370e+02
1975.5 1.204280e+02
1976.5 1.204820e+02
1977.5 1.202680e+02
1978.5 1.113030e+02
1979.5 1.173180e+02
1980.5 1.196880e+02
1981.5 1.193670e+02
1982.5 1.171080e+02
1983.5 1.190060e+02
1984.5 1.188930e+02
1985.5 1.128900e+02
1986.5 1.139880e+02
1987.5 1.183130e+02
1988.5 1.179060e+02
1989.5 1.176870e+02
1990.5 1.175020e+02
1991.5 1.171670e+02
1992.5 1.149320e+02
1993.5 1.100070e+02
1994.5 1.161810e+02
1995.5 1.155230e+02
1996.5 1.145060e+02
1997.5 1.137050e+02
1998.5 1.156190e+02
1999.5 1.156580e+02
2000.5 1.153620e+02
2001.5 1.139210e+02
2002.5 1.127700e+02
2003.5 1.146490e+02
2004.5 1.138890e+02
2005.5 1.127920e+02
2006.5 1.139990e+02
2007.5 1.132810e+02
2008.5 1.138560e+02
2009.5 1.125440e+02
2010.5 1.133720e+02
2011.5 1.129860e+02
2012.5 1.130250e+02
2013.5 1.127540e+02
2014.5 1.121870e+02
2015.5 1.123440e+02
2016.5 1.120960e+02
2017.5 1.118130e+02
2018.5 1.116900e+02
2019.5 1.116460e+02
2020.5 1.112070e+02
2021.5 1.112350e+02
2022.5 1.109140e+02
2023.5 1.106350e+02
2024.5 1.101900e+02
2025.5 1.105080e+02
2026.5 1.097790e+02
2027.5 1.098840e+02
2028.5 1.084000e+02
2029.5 1.092860e+02
2030.5 1.059440e+02
2031.5 1.092710e+02
2032.5 1.089110e+02
2033.5 1.087230e+02
2034.5 1.072630e+02
2035.5 1.080740e+02
2036.5 1.077720e+02
2037.5 1.079880e+02
2038.5 1.049520e+02
2039.5 1.077040e+02
2040.5 1.074450e+02
2041.5 1.071920e+02
2042.5 1.069640e+02
2043.5 1.070460e+02
2044.5 1.065480e+02
2045.5 1.063260e+02
2046.5 1.062750e+02
2047.5 1.058790e+02
2048.5 1.058830e+02
2049.5 1.054600e+02
2050.5 1.049840e+02
2051.5 1.053620e+02
2052.5 1.053370e+02
2053.5 1.051250e+02
2054.5 1.048940e+02
2055.5 1.047190e+02
2056.5 1.043490e+02
2057.5 1.043710e+02
2058.5 1.035600e+02
2059.5 1.037680e+02
2060.5 1.007080e+02
2061.5 1.036610e+02
2062.5 1.033080e+02
2063.5 1.000760e+02
2064.5 1.029880e+02
2065.5 1.028330e+02
2066.5 1.027480e+02
2067.5 1.025290e+02
2068.5 1.016970e+02
2069.5 1.021700e+02
2070.5 9.879920e+01
2071.5 1.015090e+02
2072.5 9.978750e+01
2073.5 1.007850e+02
2074.5 1.003930e+02
2075.5 1.010740e+02
2076.5 1.007950e+02
2077.5 1.007180e+02
2078.5 1.006570e+02
2079.5 1.003450e+02
2080.5 9.865970e+01
2081.5 9.832080e+01
2082.5 9.976310e+01
2083.5 9.946020e+01
2084.5 9.762670e+01
2085.5 9.899720e+01
2086.5 9.896070e+01
2087.5 9.894880e+01
2088.5 9.871900e+01
2089.5 9.813490e+01
2090.5 9.844110e+01
2091.5 9.798300e+01
2092.5 9.399520e+01
2093.5 9.743880e+01
2094.5 9.769380e+01
2095.5 9.726670e+01
2096.5 9.693840e+01
2097.5 9.689090e+01
2098.5 9.709080e+01
2099.5 9.678290e+01
2100.5 9.679070e+01
2101.5 9.638700e+01
2102.5 9.561330e+01
2103.5 9.620200e+01
2104.5 9.575220e+01
2105.5 9.497260e+01
2106.5 8.780560e+01
2107.5 9.467460e+01
2108.5 9.513330e+01
2109.5 9.258940e+01
2110.5 9.460630e+01
2111.5 9.439550e+01
2112.5 9.428350e+01
2113.5 9.380710e+01
2114.5 9.295270e+01
2115.5 9.369250e+01
2116.5 9.055330e+01
2117.5 9.275320e+01
2118.5 9.348930e+01
2119.5 9.225120e+01
2120.5 9.207820e+01
2121.5 9.065630e+01
2122.5 9.276000e+01
2123.5 9.246550e+01
2124.5 9.193110e+01
2125.5 9.240320e+01
2126.5 9.098590e+01
2127.5 9.224420e+01
2128.5 9.212570e+01
2129.5 9.193500e+01
2130.5 9.137220e+01
2131.5 9.169740e+01
2132.5 9.146440e+01
2133.5 9.111830e+01
2134.5 9.112500e+01
2135.5 8.933500e+01
2136.5 8.866360e+01
2137.5 8.995650e+01
2138.5 9.055590e+01
2139.5 8.988820e+01
2140.5 9.035520e+01
2141.5 9.023190e+01
2142.5 8.996500e+01
2143.5 8.863870e+01
2144.5 8.895240e+01
2145.5 8.868970e+01
2146.5 8.880500e+01
2147.5 8.913000e+01
2148.5 8.880360e+01
2149.5 8.830090e+01
2150.5 8.880420e+01
2151.5 8.860740e+01
2152.5 8.798640e+01
2153.5 8.818240e+01
2154.5 8.790030e+01
2155.5 8.779740e+01
2156.5 8.761110e+01
2157.5 8.720610e+01
2158.5 8.727380e+01
2159.5 8.693970e+01
2160.5 8.652490e+01
2161.5 8.579200e+01
2162.5 8.553750e+01
2163.5 8.450880e+01
2164.5 8.304210e+01
2165.5 7.818810e+01
2166.5 7.616960e+01
2167.5 8.190100e+01
2168.5 8.374390e+01
2169.5 8.420980e+01
2170.5 8.440600e+01
2171.5 8.493770e+01
2172.5 8.495330e+01
2173.5 8.501940e+01
2174.5 8.478360e+01
2175.5 8.491500e+01
2176.5 8.440550e+01
2177.5 8.466490e+01
2178.5 8.109300e+01
2179.5 8.428970e+01
2180.5 8.443530e+01
2181.5 8.431600e+01
2182.5 8.161070e+01
2183.5 8.388690e+01
2184.5 8.372360e+01
2185.5 8.377030e+01
2186.5 8.338390e+01
2187.5 8.317150e+01
2188.5 7.933420e+01
2189.5 8.327130e+01
2190.5 8.217650e+01
2191.5 8.304620e+01
2192.5 8.278770e+01
2193.5 8.260450e+01
2194.5 8.259610e+01
2195.5 8.244470e+01
2196.5 8.226440e+01
2197.5 8.224700e+01
2198.5 8.190900e+01
2199.5 8.119350e+01
2200.5 8.166070e+01
2201.5 8.150690e+01
2202.5 8.149890e+01
2203.5 8.141040e+01
2204.5 8.128770e+01
2205.5 8.087340e+01
2206.5 7.467430e+01
2207.5 8.015270e+01
2208.5 7.902440e+01
2209.5 7.999520e+01
2210.5 8.053020e+01
2211.5 8.027640e+01
2212.5 8.027820e+01
2213.5 8.002990e+01
2214.5 7.997760e+01
2215.5 7.976050e+01
2216.5 7.956800e+01
2217.5 7.950540e+01
2218.5 7.939990e+01
2219.5 7.934210e+01
2220.5 7.914600e+01
2221.5 7.898980e+01
2222.5 7.892880e+01
2223.5 7.871540e+01
2224.5 7.866800e+01
2225.5 7.848200e+01
2226.5 7.602760e+01
2227.5 7.829250e+01
2228.5 7.803960e+01
2229.5 7.807820e+01
2230.5 7.782780e+01
2231.5 7.778380e+01
2232.5 7.769180e+01
2233.5 7.753370e+01
2234.5 7.737940e+01
2235.5 7.718500e+01
2236.5 7.714630e+01
2237.5 7.693030e+01
2238.5 7.500080e+01
2239.5 7.596350e+01
2240.5 7.661380e+01
2241.5 7.642490e+01
2242.5 7.564870e+01
2243.5 7.613010e+01
2244.5 7.615420e+01
2245.5 7.602870e+01
2246.5 7.586600e+01
2247.5 7.424200e+01
2248.5 7.542710e+01
2249.5 7.543950e+01
2250.5 7.526000e+01
2251.5 7.480300e+01
2252.5 7.450970e+01
2253.5 7.476570e+01
2254.5 7.309340e+01
2255.5 7.414010e+01
2256.5 7.442240e+01
2257.5 7.429780e+01
2258.5 7.415940e+01
2259.5 7.432410e+01
2260.5 7.413040e+01
2261.5 7.261590e+01
2262.5 7.181990e+01
2263.5 7.150810e+01
2264.5 7.362120e+01
2265.5 7.093890e+01
2266.5 7.313260e+01
2267.5 7.196440e+01
2268.5 7.323870e+01
2269.5 7.299830e+01
2270.5 7.290820e+01
2271.5 7.199850e+01
2272.5 7.274560e+01
2273.5 7.262820e+01
2274.5 7.160420e+01
2275.5 7.230890e+01
2276.5 7.205330e+01
2277.5 7.196940e+01
2278.5 7.204590e+01
2279.5 7.163580e+01
2280.5 7.113860e+01
2281.5 6.581610e+01
2282.5 7.087770e+01
2283.5 7.089350e+01
2284.5 7.135730e+01
2285.5 7.071690e+01
2286.5 7.107280e+01
2287.5 7.098970e+01
2288.5 7.078940e+01
2289.5 7.052870e+01
2290.5 7.064010e+01
2291.5 6.959920e+01
2292.5 7.020850e+01
2293.5 6.856660e+01
2294.5 6.861530e+01
2295.5 6.908090e+01
2296.5 6.886260e+01
2297.5 6.919290e+01
2298.5 6.944700e+01
2299.5 6.882690e+01
2300.5 6.910810e+01
2301.5 6.912070e+01
2302.5 6.877770e+01
2303.5 6.879350e+01
2304.5 6.870540e+01
2305.5 6.848080e+01
2306.5 6.848190e+01
2307.5 6.849230e+01
2308.5 6.818800e+01
2309.5 6.844760e+01
2310.5 6.816000e+01
2311.5 6.800240e+01
2312.5 6.796560e+01
2313.5 6.783630e+01
2314.5 6.722010e+01
2315.5 6.682650e+01
2316.5 6.733410e+01
2317.5 6.664370e+01
2318.5 6.713000e+01
2319.5 6.696100e+01
2320.5 6.702960e+01
2321.5 6.714140e+01
2322.5 6.519230e+01
2323.5 6.499400e+01
2324.5 6.555450e+01
2325.5 6.550430e+01
2326.5 6.555230e+01
2327.5 6.599920e+01
2328.5 6.532650e+01
2329.5 6.587070e+01
2330.5 6.560550e+01
2331.5 6.509090e+01
2332.5 6.557450e+01
2333.5 6.506440e+01
2334.5 6.537590e+01
2335.5 6.348440e+01
2336.5 6.522260e+01
2337.5 6.512850e+01
2338.5 6.276850e+01
2339.5 6.484640e+01
2340.5 6.470280e+01
2341.5 6.472040e+01
2342.5 6.470420e+01
2343.5 6.473570e+01
2344.5 6.435700e+01
2345.5 6.432470e+01
2346.5 6.431890e+01
2347.5 6.438730e+01
2348.5 6.409080e+01
2349.5 6.405880e+01
2350.5 6.393700e+01
2351.5 6.353800e+01
2352.5 6.159080e+01
2353.5 6.218080e+01
2354.5 6.241420e+01
2355.5 6.278380e+01
2356.5 6.282690e+01
2357.5 6.152850e+01
2358.5 6.211140e+01
2359.5 6.247540e+01
2360.5 6.268700e+01
2361.5 6.255800e+01
2362.5 6.256150e+01
2363.5 6.233920e+01
2364.5 6.237850e+01
2365.5 6.233730e+01
2366.5 6.195740e+01
2367.5 6.223810e+01
2368.5 6.196920e+01
2369.5 6.186920e+01
2370.5 6.143450e+01
2371.5 6.182030e+01
2372.5 6.170850e+01
2373.5 6.149620e+01
2374.5 6.193150e+01
2375.5 6.151130e+01
2376.5 6.162430e+01
2377.5 6.175710e+01
2378.5 6.141230e+01
2379.5 6.107650e+01
2380.5 6.132430e+01
2381.5 6.116910e+01
2382.5 6.063120e+01
2383.5 5.902130e+01
2384.5 5.888000e+01
2385.5 5.806430e+01
2386.5 5.744300e+01
2387.5 5.971040e+01
2388.5 6.012300e+01
2389.5 5.997130e+01
2390.5 6.020790e+01
2391.5 5.981920e+01
2392.5 5.986860e+01
2393.5 5.955640e+01
2394.5 5.976180e+01
2395.5 5.922520e+01
2396.5 5.958560e+01
2397.5 5.955420e+01
2398.5 5.971510e+01
2399.5 5.951060e+01
2400.5 5.900860e+01
2401.5 5.930660e+01
2402.5 5.929750e+01
2403.5 5.916310e+01
2404.5 5.888460e+01
2405.5 5.883640e+01
2406.5 5.918080e+01
2407.5 5.883290e+01
2408.5 5.862540e+01
2409.5 5.857650e+01
2410.5 5.867280e+01
2411.5 5.836200e+01
2412.5 5.854530e+01
2413.5 5.808700e+01
2414.5 5.661690e+01
2415.5 5.734530e+01
2416.5 5.716770e+01
2417.5 5.765450e+01
2418.5 5.760010e+01
2419.5 5.731260e+01
2420.5 5.721680e+01
2421.5 5.755230e+01
2422.5 5.723930e+01
2423.5 5.716140e+01
2424.5 5.725810e+01
2425.5 5.687700e+01
2426.5 5.702440e+01
2427.5 5.671380e+01
2428.5 5.660190e+01
2429.5 5.681400e+01
2430.5 5.678840e+01
2431.5 5.621160e+01
2432.5 5.659100e+01
2433.5 5.638940e+01
2434.5 5.636150e+01
2435.5 5.594320e+01
2436.5 5.624120e+01
2437.5 5.617480e+01
2438.5 5.527410e+01
2439.5 5.605650e+01
2440.5 5.590390e+01
2441.5 5.578020e+01
2442.5 5.573170e+01
2443.5 5.597690e+01
2444.5 5.522570e+01
2445.5 5.564990e+01
2446.5 5.397530e+01
2447.5 5.433880e+01
2448.5 5.470340e+01
2449.5 5.445770e+01
2450.5 5.420920e+01
2451.5 5.479190e+01
2452.5 5.468960e+01
2453.5 5.415030e+01
2454.5 5.453400e+01
2455.5 5.335000e+01
2456.5 5.375770e+01
2457.5 5.247460e+01
2458.5 5.402690e+01
2459.5 5.410400e+01
2460.5 5.431990e+01
2461.5 5.413210e+01
2462.5 5.348620e+01
2463.5 5.372790e+01
2464.5 5.371160e+01
2465.5 5.331150e+01
2466.5 5.397100e+01
2467.5 5.362590e+01
2468.5 5.353110e+01
2469.5 5.352800e+01
2470.5 5.334580e+01
2471.5 5.321290e+01
2472.5 5.329480e+01
2473.5 5.180250e+01
2474.5 5.317500e+01
2475.5 5.289280e+01
2476.5 5.290540e+01
2477.5 5.304290e+01
2478.5 5.218960e+01
2479.5 5.163580e+01
2480.5 4.956160e+01
2481.5 5.202310e+01
2482.5 4.855040e+01
2483.5 5.192030e+01
2484.5 5.221920e+01
2485.5 5.172840e+01
2486.5 4.783840e+01
2487.5 5.146370e+01
2488.5 5.177760e+01
2489.5 5.153530e+01
2490.5 5.165050e+01
2491.5 5.148070e+01
2492.5 5.148580e+01
2493.5 5.116390e+01
2494.5 5.103750e+01
2495.5 5.147920e+01
2496.5 5.125670e+01
2497.5 5.094110e+01
2498.5 5.112790e+01
2499.5 5.101700e+01
2500.5 5.096020e+01
2501.5 5.091170e+01
2502.5 5.060280e+01
2503.5 5.076680e+01
2504.5 5.055230e+01
2505.5 5.065120e+01
2506.5 5.073880e+01
2507.5 4.975120e+01
2508.5 5.045380e+01
2509.5 5.027040e+01
2510.5 4.961820e+01
2511.5 4.981610e+01
2512.5 4.925210e+01
2513.5 4.977260e+01
2514.5 4.956740e+01
2515.5 4.964920e+01
2516.5 4.969980e+01
2517.5 4.916460e+01
2518.5 4.928250e+01
2519.5 4.932600e+01
2520.5 4.940050e+01
2521.5 4.928370e+01
2522.5 4.938740e+01
2523.5 4.903910e+01
2524.5 4.902660e+01
2525.5 4.890980e+01
2526.5 4.892200e+01
2527.5 4.866930e+01
2528.5 4.884340e+01
2529.5 4.856460e+01
2530.5 4.875000e+01
2531.5 4.863220e+01
2532.5 4.840720e+01
2533.5 4.848380e+01
2534.5 4.852630e+01
2535.5 4.835220e+01
2536.5 4.824860e+01
2537.5 4.801160e+01
2538.5 4.753080e+01
2539.5 4.800980e+01
2540.5 4.713830e+01
2541.5 4.282080e+01
2542.5 4.542780e+01
2543.5 4.772970e+01
2544.5 4.718650e+01
2545.5 4.752840e+01
2546.5 4.693090e+01
2547.5 4.709650e+01
2548.5 4.670820e+01
2549.5 4.700290e+01
2550.5 4.714170e+01
2551.5 4.656630e+01
2552.5 4.530430e+01
2553.5 4.677980e+01
2554.5 4.660120e+01
2555.5 4.654560e+01
2556.5 4.616190e+01
2557.5 4.629890e+01
2558.5 4.638060e+01
2559.5 4.675510e+01
2560.5 4.562460e+01
2561.5 4.520970e+01
2562.5 4.488880e+01
2563.5 4.599350e+01
2564.5 4.551680e+01
2565.5 4.612620e+01
2566.5 4.603610e+01
2567.5 4.531690e+01
2568.5 4.600810e+01
2569.5 4.579080e+01
2570.5 4.535930e+01
2571.5 4.563960e+01
2572.5 4.580130e+01
2573.5 4.564030e+01
2574.5 4.549880e+01
2575.5 4.548380e+01
2576.5 4.548990e+01
2577.5 4.523270e+01
2578.5 4.538960e+01
2579.5 4.546220e+01
2580.5 4.516220e+01
2581.5 4.471310e+01
2582.5 4.494240e+01
2583.5 4.466850e+01
2584.5 4.428150e+01
2585.5 4.433420e+01
2586.5 4.199560e+01
2587.5 4.436100e+01
2588.5 4.449980e+01
2589.5 4.455810e+01
2590.5 4.438510e+01
2591.5 4.454010e+01
2592.5 4.320040e+01
2593.5 4.342580e+01
2594.5 4.370680e+01
2595.5 4.292730e+01
2596.5 4.313650e+01
2597.5 4.343360e+01
2598.5 4.387870e+01
2599.5 4.359590e+01
2600.5 4.360210e+01
2601.5 4.304940e+01
2602.5 4.354220e+01
2603.5 4.359590e+01
2604.5 4.326470e+01
2605.5 4.353020e+01
2606.5 4.344440e+01
2607.5 4.353520e+01
2608.5 4.336660e+01
2609.5 4.330170e+01
2610.5 4.336620e+01
2611.5 4.318690e+01
2612.5 4.310590e+01
2613.5 4.310300e+01
2614.5 4.301190e+01
2615.5 4.305890e+01
2616.5 4.269960e+01
2617.5 4.259530e+01
2618.5 4.211520e+01
2619.5 4.225070e+01
2620.5 4.224650e+01
2621.5 4.181920e+01
2622.5 4.080040e+01
2623.5 4.128220e+01
2624.5 4.016470e+01
2625.5 3.669840e+01
2626.5 3.812290e+01
2627.5 4.044830e+01
2628.5 4.121430e+01
2629.5 4.138640e+01
2630.5 4.148090e+01
2631.5 4.118380e+01
2632.5 4.179740e+01
2633.5 4.174770e+01
2634.5 4.165860e+01
2635.5 4.159220e+01
2636.5 4.173090e+01
2637.5 4.149280e+01
2638.5 4.159720e+01
2639.5 3.958630e+01
2640.5 3.957140e+01
2641.5 4.143950e+01
2642.5 4.071350e+01
2643.5 4.137120e+01
2644.5 4.122730e+01
2645.5 4.124970e+01
2646.5 4.112840e+01
2647.5 4.088430e+01
2648.5 4.068030e+01
2649.5 4.100180e+01
2650.5 4.103530e+01
2651.5 4.053950e+01
2652.5 4.082830e+01
2653.5 4.084870e+01
2654.5 3.946010e+01
2655.5 4.027570e+01
2656.5 4.055820e+01
2657.5 4.057410e+01
2658.5 4.045620e+01
2659.5 4.030850e+01
2660.5 4.026510e+01
2661.5 4.034720e+01
2662.5 3.947970e+01
2663.5 4.014010e+01
2664.5 3.925070e+01
2665.5 3.920020e+01
2666.5 3.919050e+01
2667.5 3.992240e+01
2668.5 4.002750e+01
2669.5 3.978690e+01
2670.5 3.985320e+01
2671.5 3.975570e+01
2672.5 3.974710e+01
2673.5 3.968160e+01
2674.5 3.967630e+01
2675.5 3.938870e+01
2676.5 3.952930e+01
2677.5 3.952430e+01
2678.5 3.942770e+01
2679.5 3.936740e+01
2680.5 3.917130e+01
2681.5 3.917040e+01
2682.5 3.918830e+01
2683.5 3.906470e+01
2684.5 3.913680e+01
2685.5 3.898600e+01
2686.5 3.906020e+01
2687.5 3.889410e+01
2688.5 3.864890e+01
2689.5 3.889340e+01
2690.5 3.872030e+01
2691.5 3.867420e+01
2692.5 3.858330e+01
2693.5 3.856760e+01
2694.5 3.847810e+01
2695.5 3.816340e+01
2696.5 3.832150e+01
2697.5 3.843430e+01
2698.5 3.843520e+01
2699.5 3.830050e+01
2700.5 3.814630e+01
2701.5 3.820660e+01
2702.5 3.814420e+01
2703.5 3.803270e+01
2704.5 3.811610e+01
2705.5 3.801690e+01
2706.5 3.804000e+01
2707.5 3.718510e+01
2708.5 3.785970e+01
2709.5 3.787340e+01
2710.5 3.785590e+01
2711.5 3.680810e+01
2712.5 3.769740e+01
2713.5 3.772930e+01
2714.5 3.771820e+01
2715.5 3.760160e+01
2716.5 3.757570e+01
2717.5 3.750530e+01
2718.5 3.751450e+01
2719.5 3.735570e+01
2720.5 3.742210e+01
2721.5 3.723630e+01
2722.5 3.727130e+01
2723.5 3.735760e+01
2724.5 3.719780e+01
2725.5 3.718110e+01
2726.5 3.652430e+01
2727.5 3.706100e+01
2728.5 3.707960e+01
2729.5 3.703290e+01
2730.5 3.700330e+01
2731.5 3.692850e+01
2732.5 3.691070e+01
2733.5 3.677240e+01
2734.5 3.673510e+01
2735.5 3.661910e+01
2736.5 3.673380e+01
2737.5 3.664390e+01
2738.5 3.614250e+01
2739.5 3.574560e+01
2740.5 3.654850e+01
2741.5 3.648630e+01
2742.5 3.641730e+01
2743.5 3.630340e+01
2744.5 3.630840e+01
2745.5 3.626730e+01
2746.5 3.625750e+01
2747.5 3.615250e+01
2748.5 3.605990e+01
2749.5 3.578440e+01
2750.5 3.603030e+01
2751.5 3.598650e+01
2752.5 3.592080e+01
2753.5 3.587970e+01
2754.5 3.566190e+01
2755.5 3.567560e+01
2756.5 3.541010e+01
2757.5 3.542250e+01
2758.5 3.531970e+01
2759.5 3.547550e+01
2760.5 3.544920e+01
2761.5 3.546640e+01
2762.5 3.539230e+01
2763.5 3.532360e+01
2764.5 3.535320e+01
2765.5 3.525250e+01
2766.5 3.500890e+01
2767.5 3.507360e+01
2768.5 3.516080e+01
2769.5 3.504340e+01
2770.5 3.505960e+01
2771.5 3.497990e+01
2772.5 3.477320e+01
2773.5 3.459700e+01
2774.5 3.488720e+01
2775.5 3.449610e+01
2776.5 3.477720e+01
2777.5 3.473320e+01
2778.5 3.462180e+01
2779.5 3.462270e+01
2780.5 3.465150e+01
2781.5 3.447750e+01
2782.5 3.401670e+01
2783.5 3.448290e+01
2784.5 3.446250e+01
2785.5 3.433590e+01
2786.5 3.432720e+01
2787.5 3.426610e+01
2788.5 3.422310e+01
2789.5 3.422210e+01
2790.5 3.417630e+01
2791.5 3.403210e+01
2792.5 3.400070e+01
2793.5 3.395850e+01
2794.5 3.397610e+01
2795.5 3.396240e+01
2796.5 3.389660e+01
2797.5 3.385210e+01
2798.5 3.379810e+01
2799.5 3.375150e+01
2800.5 3.364100e+01
2801.5 3.349140e+01
2802.5 3.357650e+01
2803.5 3.359830e+01
2804.5 3.351670e+01
2805.5 3.352240e+01
2806.5 3.326540e+01
2807.5 3.339600e+01
2808.5 3.340590e+01
2809.5 3.333170e+01
2810.5 3.322820e+01
2811.5 3.318520e+01
2812.5 3.317910e+01
2813.5 3.314880e+01
2814.5 3.309410e+01
2815.5 3.304140e+01
2816.5 3.297200e+01
2817.5 3.299330e+01
2818.5 3.293950e+01
2819.5 3.283930e+01
2820.5 3.273210e+01
2821.5 3.279270e+01
2822.5 3.273300e+01
2823.5 3.273940e+01
2824.5 3.259240e+01
2825.5 3.255850e+01
2826.5 3.256140e+01
2827.5 3.254330e+01
2828.5 3.247500e+01
2829.5 3.244250e+01
2830.5 3.242800e+01
2831.5 3.240250e+01
2832.5 3.231310e+01
2833.5 3.223610e+01
2834.5 3.227610e+01
2835.5 3.223590e+01
2836.5 3.217450e+01
2837.5 3.214230e+01
2838.5 3.208180e+01
2839.5 3.205160e+01
2840.5 3.122790e+01
2841.5 3.192990e+01
2842.5 3.191060e+01
2843.5 3.182630e+01
2844.5 3.167410e+01
2845.5 3.177830e+01
2846.5 3.172820e+01
2847.5 3.169940e+01
2848.5 3.169610e+01
2849.5 3.162020e+01
2850.5 3.154130e+01
2851.5 3.140900e+01
2852.5 3.140750e+01
2853.5 3.137560e+01
2854.5 3.118760e+01
2855.5 3.132250e+01
2856.5 3.129780e+01
2857.5 3.126770e+01
2858.5 3.125040e+01
2859.5 3.108170e+01
2860.5 3.093310e+01
2861.5 3.104090e+01
2862.5 3.089250e+01
2863.5 3.103540e+01
2864.5 3.098260e+01
2865.5 3.093330e+01
2866.5 3.084630e+01
2867.5 3.079110e+01
2868.5 3.069380e+01
2869.5 3.062850e+01
2870.5 3.012850e+01
2871.5 3.040650e+01
2872.5 3.000690e+01
2873.5 3.028520e+01
2874.5 3.026570e+01
2875.5 3.021850e+01
2876.5 3.036580e+01
2877.5 3.040280e+01
2878.5 3.037100e+01
2879.5 3.034630e+01
2880.5 3.032150e+01
2881.5 3.029060e+01
2882.5 3.008700e+01
2883.5 3.018890e+01
2884.5 3.019500e+01
2885.5 2.982660e+01
2886.5 3.008810e+01
2887.5 2.954630e+01
2888.5 2.995690e+01
2889.5 3.002090e+01
2890.5 2.996000e+01
2891.5 2.991540e+01
2892.5 2.986480e+01
2893.5 2.983630e+01
2894.5 2.977930e+01
2895.5 2.975380e+01
2896.5 2.971990e+01
2897.5 2.967700e+01
2898.5 2.964730e+01
2899.5 2.962140e+01
2900.5 2.953900e+01
2901.5 2.952080e+01
2902.5 2.946570e+01
2903.5 2.942350e+01
2904.5 2.945710e+01
2905.5 2.921610e+01
2906.5 2.910160e+01
2907.5 2.932260e+01
2908.5 2.928050e+01
2909.5 2.925990e+01
2910.5 2.919850e+01
2911.5 2.918360e+01
2912.5 2.902140e+01
2913.5 2.908090e+01
2914.5 2.905450e+01
2915.5 2.865870e+01
2916.5 2.897680e+01
2917.5 2.896420e+01
2918.5 2.889430e+01
2919.5 2.889660e+01
2920.5 2.884040e+01
2921.5 2.881020e+01
2922.5 2.872130e+01
2923.5 2.868970e+01
2924.5 2.868950e+01
2925.5 2.863970e+01
2926.5 2.857880e+01
2927.5 2.857750e+01
2928.5 2.799310e+01
2929.5 2.848960e+01
2930.5 2.848630e+01
2931.5 2.842710e+01
2932.5 2.837760e+01
2933.5 2.828980e+01
2934.5 2.817480e+01
2935.5 2.829390e+01
2936.5 2.816770e+01
2937.5 2.819940e+01
2938.5 2.779360e+01
2939.5 2.812040e+01
2940.5 2.808600e+01
2941.5 2.809500e+01
2942.5 2.803160e+01
2943.5 2.789500e+01
2944.5 2.797680e+01
2945.5 2.792660e+01
2946.5 2.783050e+01
2947.5 2.785700e+01
2948.5 2.782230e+01
2949.5 2.780270e+01
2950.5 2.765780e+01
2951.5 2.772070e+01
2952.5 2.769240e+01
2953.5 2.764850e+01
2954.5 2.762910e+01
2955.5 2.756190e+01
2956.5 2.751600e+01
2957.5 2.750360e+01
2958.5 2.748870e+01
2959.5 2.744240e+01
2960.5 2.736450e+01
2961.5 2.738090e+01
2962.5 2.731910e+01
2963.5 2.726870e+01
2964.5 2.710490e+01
2965.5 2.722970e+01
2966.5 2.716880e+01
2967.5 2.713070e+01
2968.5 2.705970e+01
2969.5 2.703410e+01
2970.5 2.680670e+01
2971.5 2.695380e+01
2972.5 2.691310e+01
2973.5 2.695980e+01
2974.5 2.692600e+01
2975.5 2.682360e+01
2976.5 2.681370e+01
2977.5 2.682920e+01
2978.5 2.676820e+01
2979.5 2.669120e+01
2980.5 2.672270e+01
2981.5 2.667250e+01
2982.5 2.665720e+01
2983.5 2.660650e+01
2984.5 2.658870e+01
2985.5 2.656020e+01
2986.5 2.651700e+01
2987.5 2.633700e+01
2988.5 2.642000e+01
2989.5 2.639900e+01
2990.5 2.631300e+01
2991.5 2.635270e+01
2992.5 2.631950e+01
2993.5 2.626700e+01
2994.5 2.624170e+01
2995.5 2.618770e+01
2996.5 2.594780e+01
2997.5 2.613050e+01
2998.5 2.610770e+01
2999.5 2.598770e+01
3000.5 2.569490e+01
3001.5 2.598120e+01
3002.5 2.596890e+01
3003.5 2.594810e+01
3004.5 2.591960e+01
3005.5 2.588650e+01
3006.5 2.585180e+01
3007.5 2.577980e+01
3008.5 2.575380e+01
3009.5 2.570240e+01
3010.5 2.568450e+01
3011.5 2.567310e+01
3012.5 2.564360e+01
3013.5 2.559590e+01
3014.5 2.555920e+01
3015.5 2.543160e+01
3016.5 2.548910e+01
3017.5 2.548230e+01
3018.5 2.540730e+01
3019.5 2.541450e+01
3020.5 2.532110e+01
3021.5 2.526520e+01
3022.5 2.531020e+01
3023.5 2.526450e+01
3024.5 2.506020e+01
3025.5 2.521300e+01
3026.5 2.511380e+01
3027.5 2.500780e+01
3028.5 2.510410e+01
3029.5 2.506980e+01
3030.5 2.501790e+01
3031.5 2.497930e+01
3032.5 2.493790e+01
3033.5 2.489670e+01
3034.5 2.483120e+01
3035.5 2.477810e+01
3036.5 2.469090e+01
3037.5 2.458270e+01
3038.5 2.440880e+01
3039.5 2.407390e+01
3040.5 2.441770e+01
3041.5 2.444660e+01
3042.5 2.454790e+01
3043.5 2.454700e+01
3044.5 2.454510e+01
3045.5 2.441670e+01
3046.5 2.448980e+01
3047.5 2.450070e+01
3048.5 2.437700e+01
3049.5 2.445450e+01
3050.5 2.441220e+01
3051.5 2.436860e+01
3052.5 2.437000e+01
3053.5 2.433480e+01
3054.5 2.418780e+01
3055.5 2.428820e+01
3056.5 2.426510e+01
3057.5 2.421670e+01
3058.5 2.418610e+01
3059.5 2.416290e+01
3060.5 2.415270e+01
3061.5 2.412600e+01
3062.5 2.409310e+01
3063.5 2.404420e+01
3064.5 2.379800e+01
3065.5 2.399310e+01
3066.5 2.396960e+01
3067.5 2.394990e+01
3068.5 2.386270e+01
3069.5 2.389460e+01
3070.5 2.377920e+01
3071.5 2.382200e+01
3072.5 2.380970e+01
3073.5 2.375580e+01
3074.5 2.370170e+01
3075.5 2.372480e+01
3076.5 2.366340e+01
3077.5 2.364860e+01
3078.5 2.362830e+01
3079.5 2.359960e+01
3080.5 2.341940e+01
3081.5 2.349560e+01
3082.5 2.345200e+01
3083.5 2.342640e+01
3084.5 2.344280e+01
3085.5 2.338580e+01
3086.5 2.305830e+01
3087.5 2.333510e+01
3088.5 2.334030e+01
3089.5 2.328940e+01
3090.5 2.326390e+01
3091.5 2.311320e+01
3092.5 2.323470e+01
3093.5 2.321280e+01
3094.5 2.318210e+01
3095.5 2.315430e+01
3096.5 2.313070e+01
3097.5 2.303030e+01
3098.5 2.293060e+01
3099.5 2.304040e+01
3100.5 2.301340e+01
3101.5 2.298640e+01
3102.5 2.295660e+01
3103.5 2.292330e+01
3104.5 2.286280e+01
3105.5 2.285200e+01
3106.5 2.284040e+01
3107.5 2.267160e+01
3108.5 2.279310e+01
3109.5 2.275920e+01
3110.5 2.274280e+01
3111.5 2.271530e+01
3112.5 2.268460e+01
3113.5 2.254290e+01
3114.5 2.213550e+01
3115.5 2.147370e+01
3116.5 2.237930e+01
3117.5 2.253220e+01
3118.5 2.250430e+01
3119.5 2.247700e+01
3120.5 2.245930e+01
3121.5 2.241950e+01
3122.5 2.240020e+01
3123.5 2.237420e+01
3124.5 2.233140e+01
3125.5 2.233070e+01
3126.5 2.210380e+01
3127.5 2.203060e+01
3128.5 2.213850e+01
3129.5 2.215850e+01
3130.5 2.211090e+01
3131.5 2.212880e+01
3132.5 2.213530e+01
3133.5 2.209550e+01
3134.5 2.209390e+01
3135.5 2.197750e+01
3136.5 2.198900e+01
3137.5 2.197600e+01
3138.5 2.197710e+01
3139.5 2.191880e+01
3140.5 2.193490e+01
3141.5 2.189890e+01
3142.5 2.179810e+01
3143.5 2.185590e+01
3144.5 2.182870e+01
3145.5 2.178380e+01
3146.5 2.171110e+01
3147.5 2.172550e+01
3148.5 2.166520e+01
3149.5 2.169810e+01
3150.5 2.165860e+01
3151.5 2.045620e+01
3152.5 2.155110e+01
3153.5 2.158610e+01
3154.5 2.156710e+01
3155.5 2.153270e+01
3156.5 2.149760e+01
3157.5 2.137030e+01
3158.5 2.145450e+01
3159.5 2.142900e+01
3160.5 2.137810e+01
3161.5 2.138150e+01
3162.5 2.131230e+01
3163.5 2.133750e+01
3164.5 2.124670e+01
3165.5 2.123590e+01
3166.5 2.125650e+01
3167.5 2.122140e+01
3168.5 2.120840e+01
3169.5 2.117160e+01
3170.5 2.094420e+01
3171.5 2.109640e+01
3172.5 2.109380e+01
3173.5 2.099160e+01
3174.5 2.105480e+01
3175.5 2.103030e+01
3176.5 2.100830e+01
3177.5 2.098290e+01
3178.5 2.090680e+01
3179.5 2.088790e+01
3180.5 2.089440e+01
3181.5 2.070580e+01
3182.5 2.080960e+01
3183.5 2.079790e+01
3184.5 2.080900e+01
3185.5 2.078250e+01
3186.5 2.075110e+01
3187.5 2.063190e+01
3188.5 2.070660e+01
3189.5 2.066870e+01
3190.5 2.065820e+01
3191.5 2.063300e+01
3192.5 2.055470e+01
3193.5 2.057890e+01
3194.5 2.056070e+01
3195.5 2.053040e+01
3196.5 2.051430e+01
3197.5 2.047420e+01
3198.5 2.045760e+01
3199.5 2.042590e+01
3200.5 2.038670e+01
3201.5 2.016090e+01
3202.5 2.035880e+01
3203.5 2.034280e+01
3204.5 2.019340e+01
3205.5 2.027640e+01
3206.5 2.016640e+01
3207.5 2.024570e+01
3208.5 2.021590e+01
3209.5 2.019270e+01
3210.5 2.013070e+01
3211.5 2.013430e+01
3212.5 2.011890e+01
3213.5 2.010000e+01
3214.5 1.993810e+01
3215.5 2.002830e+01
3216.5 1.998560e+01
3217.5 1.966230e+01
3218.5 1.992950e+01
3219.5 1.994900e+01
3220.5 1.993490e+01
3221.5 1.990830e+01
3222.5 1.986490e+01
3223.5 1.973900e+01
3224.5 1.984350e+01
3225.5 1.982490e+01
3226.5 1.978410e+01
3227.5 1.976250e+01
3228.5 1.970390e+01
3229.5 1.967890e+01
3230.5 1.969430e+01
3231.5 1.965570e+01
3232.5 1.963150e+01
3233.5 1.955220e+01
3234.5 1.960280e+01
3235.5 1.959450e+01
3236.5 1.955290e+01
3237.5 1.954870e+01
3238.5 1.947680e+01
3239.5 1.945860e+01
3240.5 1.945630e+01
3241.5 1.942480e+01
3242.5 1.918790e+01
3243.5 1.940350e+01
3244.5 1.936060e+01
3245.5 1.935210e+01
3246.5 1.933220e+01
3247.5 1.930580e+01
3248.5 1.929850e+01
3249.5 1.927680e+01
3250.5 1.924160e+01
3251.5 1.921710e+01
3252.5 1.920570e+01
3253.5 1.918070e+01
3254.5 1.912120e+01
3255.5 1.911750e+01
3256.5 1.911790e+01
3257.5 1.906210e+01
3258.5 1.906780e+01
3259.5 1.904530e+01
3260.5 1.902750e+01
3261.5 1.900220e+01
3262.5 1.896910e+01
3263.5 1.893300e+01
3264.5 1.892920e+01
3265.5 1.891300e+01
3266.5 1.885930e+01
3267.5 1.885880e+01
3268.5 1.881930e+01
3269.5 1.878360e+01
3270.5 1.879550e+01
3271.5 1.877710e+01
3272.5 1.875340e+01
3273.5 1.872500e+01
3274.5 1.869970e+01
3275.5 1.864900e+01
3276.5 1.852200e+01
3277.5 1.860420e+01
3278.5 1.859660e+01
3279.5 1.855020e+01
3280.5 1.852870e+01
3281.5 1.848490e+01
3282.5 1.843980e+01
3283.5 1.836820e+01
3284.5 1.832500e+01
3285.5 1.841120e+01
3286.5 1.837800e+01
3287.5 1.833080e+01
3288.5 1.832050e+01
3289.5 1.828070e+01
3290.5 1.821760e+01
3291.5 1.813820e+01
3292.5 1.798670e+01
3293.5 1.798150e+01
3294.5 1.786840e+01
3295.5 1.786070e+01
3296.5 1.766720e+01
3297.5 1.758870e+01
3298.5 1.772120e+01
3299.5 1.789260e+01
3300.5 1.793930e+01
3301.5 1.792750e+01
3302.5 1.789600e+01
3303.5 1.791600e+01
3304.5 1.783250e+01
3305.5 1.794070e+01
3306.5 1.796570e+01
3307.5 1.794610e+01
3308.5 1.794540e+01
3309.5 1.784100e+01
3310.5 1.786580e+01
3311.5 1.789500e+01
3312.5 1.788350e+01
3313.5 1.780430e+01
3314.5 1.785280e+01
3315.5 1.780160e+01
3316.5 1.744990e+01
3317.5 1.765050e+01
3318.5 1.713530e+01
3319.5 1.703050e+01
3320.5 1.644550e+01
3321.5 1.765730e+01
3322.5 1.769970e+01
3323.5 1.763530e+01
3324.5 1.762920e+01
3325.5 1.764460e+01
3326.5 1.757180e+01
3327.5 1.760970e+01
3328.5 1.751900e+01
3329.5 1.743740e+01
3330.5 1.751710e+01
3331.5 1.753890e+01
3332.5 1.751890e+01
3333.5 1.747210e+01
3334.5 1.746760e+01
3335.5 1.737870e+01
3336.5 1.739370e+01
3337.5 1.738700e+01
3338.5 1.738060e+01
3339.5 1.722380e+01
3340.5 1.724740e+01
3341.5 1.722960e+01
3342.5 1.728820e+01
3343.5 1.727070e+01
3344.5 1.721870e+01
3345.5 1.726080e+01
3346.5 1.716920e+01
3347.5 1.722370e+01
3348.5 1.717940e+01
3349.5 1.715170e+01
3350.5 1.714510e+01
3351.5 1.710840e+01
3352.5 1.711230e+01
3353.5 1.674580e+01
3354.5 1.703920e+01
3355.5 1.699870e+01
3356.5 1.701290e+01
3357.5 1.702130e+01
3358.5 1.700380e+01
3359.5 1.698690e+01
3360.5 1.693250e+01
3361.5 1.694770e+01
3362.5 1.693040e+01
3363.5 1.691100e+01
3364.5 1.680590e+01
3365.5 1.685180e+01
3366.5 1.678020e+01
3367.5 1.681020e+01
3368.5 1.678690e+01
3369.5 1.667870e+01
3370.5 1.640320e+01
3371.5 1.672010e+01
3372.5 1.657000e+01
3373.5 1.650520e+01
3374.5 1.667170e+01
3375.5 1.667800e+01
3376.5 1.665940e+01
3377.5 1.660270e+01
3378.5 1.643310e+01
3379.5 1.660230e+01
3380.5 1.655330e+01
3381.5 1.642410e+01
3382.5 1.638070e+01
3383.5 1.649830e+01
3384.5 1.650840e+01
3385.5 1.645040e+01
3386.5 1.639690e+01
3387.5 1.645270e+01
3388.5 1.638020e+01
3389.5 1.640710e+01
3390.5 1.637690e+01
3391.5 1.617790e+01
3392.5 1.631100e+01
3393.5 1.628260e+01
3394.5 1.626270e+01
3395.5 1.630260e+01
3396.5 1.608640e+01
3397.5 1.550570e+01
3398.5 1.594970e+01
3399.5 1.619540e+01
3400.5 1.600510e+01
3401.5 1.560220e+01
3402.5 1.608840e+01
3403.5 1.615370e+01
3404.5 1.612520e+01
3405.5 1.606610e+01
3406.5 1.607650e+01
3407.5 1.597620e+01
3408.5 1.591110e+01
3409.5 1.600610e+01
3410.5 1.599170e+01
3411.5 1.599520e+01
3412.5 1.599320e+01
3413.5 1.592900e+01
3414.5 1.592890e+01
3415.5 1.573960e+01
3416.5 1.548900e+01
3417.5 1.589830e+01
3418.5 1.585800e+01
3419.5 1.583270e+01
3420.5 1.584640e+01
3421.5 1.582090e+01
3422.5 1.579580e+01
3423.5 1.579210e+01
3424.5 1.574440e+01
3425.5 1.570890e+01
3426.5 1.560070e+01
3427.5 1.569750e+01
3428.5 1.563380e+01
3429.5 1.569470e+01
3430.5 1.567610e+01
3431.5 1.563040e+01
3432.5 1.563980e+01
3433.5 1.562580e+01
3434.5 1.559800e+01
3435.5 1.557170e+01
3436.5 1.556010e+01
3437.5 1.555680e+01
3438.5 1.545450e+01
3439.5 1.545090e+01
3440.5 1.549280e+01
3441.5 1.542610e+01
3442.5 1.537790e+01
3443.5 1.545110e+01
3444.5 1.541610e+01
3445.5 1.540360e+01
3446.5 1.540450e+01
3447.5 1.537230e+01
3448.5 1.528280e+01
3449.5 1.533500e+01
3450.5 1.532180e+01
3451.5 1.532080e+01
3452.5 1.528150e+01
3453.5 1.525430e+01
3454.5 1.526090e+01
3455.5 1.522650e+01
3456.5 1.522090e+01
3457.5 1.516180e+01
3458.5 1.507840e+01
3459.5 1.512710e+01
3460.5 1.513160e+01
3461.5 1.503730e+01
3462.5 1.511570e+01
3463.5 1.512000e+01
3464.5 1.509680e+01
3465.5 1.504050e+01
3466.5 1.497540e+01
3467.5 1.500250e+01
3468.5 1.498780e+01
3469.5 1.502260e+01
3470.5 1.500880e+01
3471.5 1.498310e+01
3472.5 1.485790e+01
3473.5 1.490010e+01
3474.5 1.494400e+01
3475.5 1.492810e+01
3476.5 1.489360e+01
3477.5 1.488750e+01
3478.5 1.487130e+01
3479.5 1.486370e+01
3480.5 1.476670e+01
3481.5 1.475460e+01
3482.5 1.481470e+01
3483.5 1.478670e+01
3484.5 1.477640e+01
3485.5 1.467730e+01
3486.5 1.474920e+01
3487.5 1.471950e+01
3488.5 1.466740e+01
3489.5 1.469520e+01
3490.5 1.465530e+01
3491.5 1.459310e+01
3492.5 1.449680e+01
3493.5 1.454210e+01
3494.5 1.457040e+01
3495.5 1.457860e+01
3496.5 1.458980e+01
3497.5 1.454090e+01
3498.5 1.450410e+01
3499.5 1.446290e+01
3500.5 1.445480e+01
3501.5 1.433440e+01
3502.5 1.436160e+01
3503.5 1.438140e+01
3504.5 1.446550e+01
3505.5 1.441200e+01
3506.5 1.443700e+01
3507.5 1.438330e+01
3508.5 1.437410e+01
3509.5 1.426620e+01
3510.5 1.434230e+01
3511.5 1.432550e+01
3512.5 1.425740e+01
3513.5 1.422950e+01
3514.5 1.428750e+01
3515.5 1.420420e+01
3516.5 1.425250e+01
3517.5 1.415990e+01
3518.5 1.419930e+01
3519.5 1.419000e+01
3520.5 1.412180e+01
3521.5 1.414690e+01
3522.5 1.414500e+01
3523.5 1.387720e+01
3524.5 1.411950e+01
3525.5 1.412190e+01
3526.5 1.408130e+01
3527.5 1.399430e+01
3528.5 1.404340e+01
3529.5 1.407940e+01
3530.5 1.400620e+01
3531.5 1.403820e+01
3532.5 1.393290e+01
3533.5 1.393690e+01
3534.5 1.396440e+01
3535.5 1.391310e+01
3536.5 1.395310e+01
3537.5 1.377750e+01
3538.5 1.385540e+01
3539.5 1.383070e+01
3540.5 1.382380e+01
3541.5 1.376970e+01
3542.5 1.380090e+01
3543.5 1.375740e+01
3544.5 1.371700e+01
3545.5 1.383530e+01
3546.5 1.382110e+01
3547.5 1.378230e+01
3548.5 1.376390e+01
3549.5 1.373590e+01
3550.5 1.370950e+01
3551.5 1.371210e+01
3552.5 1.372780e+01
3553.5 1.370610e+01
3554.5 1.369200e+01
3555.5 1.362130e+01
3556.5 1.364060e+01
3557.5 1.362910e+01
3558.5 1.356750e+01
3559.5 1.357410e+01
3560.5 1.345340e+01
3561.5 1.357200e+01
3562.5 1.357900e+01
3563.5 1.356720e+01
3564.5 1.354600e+01
3565.5 1.352490e+01
3566.5 1.351920e+01
3567.5 1.350810e+01
3568.5 1.348640e+01
3569.5 1.342850e+01
3570.5 1.338010e+01
3571.5 1.342480e+01
3572.5 1.343530e+01
3573.5 1.339390e+01
3574.5 1.336790e+01
3575.5 1.336090e+01
3576.5 1.337550e+01
3577.5 1.331750e+01
3578.5 1.323930e+01
3579.5 1.320700e+01
3580.5 1.328520e+01
3581.5 1.328090e+01
3582.5 1.314410e+01
3583.5 1.319830e+01
3584.5 1.325890e+01
3585.5 1.322710e+01
3586.5 1.320590e+01
3587.5 1.318920e+01
3588.5 1.318950e+01
3589.5 1.313700e+01
3590.5 1.312540e+01
3591.5 1.308500e+01
3592.5 1.312530e+01
3593.5 1.312200e+01
3594.5 1.310160e+01
3595.5 1.310580e+01
3596.5 1.297120e+01
3597.5 1.307540e+01
3598.5 1.306410e+01
3599.5 1.304050e+01
3600.5 1.301170e+01
3601.5 1.301580e+01
3602.5 1.299790e+01
3603.5 1.298450e+01
3604.5 1.298090e+01
3605.5 1.291310e+01
3606.5 1.292870e+01
3607.5 1.292580e+01
3608.5 1.292290e+01
3609.5 1.291200e+01
3610.5 1.289450e+01
3611.5 1.288260e+01
3612.5 1.287070e+01
3613.5 1.284860e+01
3614.5 1.280550e+01
3615.5 1.282950e+01
3616.5 1.281360e+01
3617.5 1.280060e+01
3618.5 1.277880e+01
3619.5 1.277460e+01
3620.5 1.275570e+01
3621.5 1.274730e+01
3622.5 1.272060e+01
3623.5 1.264750e+01
3624.5 1.263530e+01
3625.5 1.268810e+01
3626.5 1.267450e+01
3627.5 1.266270e+01
3628.5 1.264640e+01
3629.5 1.262470e+01
3630.5 1.245970e+01
3631.5 1.260170e+01
3632.5 1.258770e+01
3633.5 1.254790e+01
3634.5 1.256400e+01
3635.5 1.247850e+01
3636.5 1.252690e+01
3637.5 1.246300e+01
3638.5 1.241380e+01
3639.5 1.241800e+01
3640.5 1.203880e+01
3641.5 1.224320e+01
3642.5 1.241980e+01
3643.5 1.243890e+01
3644.5 1.229230e+01
3645.5 1.234980e+01
3646.5 1.240110e+01
3647.5 1.233270e+01
3648.5 1.234620e+01
3649.5 1.235690e+01
3650.5 1.231990e+01
3651.5 1.232250e+01
3652.5 1.231370e+01
3653.5 1.229300e+01
3654.5 1.229370e+01
3655.5 1.227610e+01
3656.5 1.226410e+01
3657.5 1.224870e+01
3658.5 1.192280e+01
3659.5 1.221560e+01
3660.5 1.214970e+01
3661.5 1.218210e+01
3662.5 1.215430e+01
3663.5 1.213880e+01
3664.5 1.210970e+01
3665.5 1.214220e+01
3666.5 1.210230e+01
3667.5 1.200070e+01
3668.5 1.206830e+01
3669.5 1.206760e+01
3670.5 1.206200e+01
3671.5 1.179400e+01
3672.5 1.200560e+01
3673.5 1.203050e+01
3674.5 1.202920e+01
3675.5 1.201600e+01
3676.5 1.197570e+01
3677.5 1.166540e+01
3678.5 1.159830e+01
3679.5 1.171030e+01
3680.5 1.190120e+01
3681.5 1.190850e+01
3682.5 1.124410e+01
3683.5 1.182230e+01
3684.5 1.187680e+01
3685.5 1.187290e+01
3686.5 1.185490e+01
3687.5 1.184650e+01
3688.5 1.184280e+01
3689.5 1.182630e+01
3690.5 1.181270e+01
3691.5 1.180020e+01
3692.5 1.177740e+01
3693.5 1.175590e+01
3694.5 1.174600e+01
3695.5 1.173840e+01
3696.5 1.169760e+01
3697.5 1.140600e+01
3698.5 1.118200e+01
3699.5 1.168010e+01
3700.5 1.164770e+01
3701.5 1.166930e+01
3702.5 1.165980e+01
3703.5 1.164440e+01
3704.5 1.161950e+01
3705.5 1.160080e+01
3706.5 1.154660e+01
3707.5 1.156950e+01
3708.5 1.155810e+01
3709.5 1.144450e+01
3710.5 1.152230e+01
3711.5 1.153840e+01
3712.5 1.151760e+01
3713.5 1.147870e+01
3714.5 1.137080e+01
3715.5 1.126730e+01
3716.5 1.145930e+01
3717.5 1.144590e+01
3718.5 1.139110e+01
3719.5 1.140470e+01
3720.5 1.142550e+01
3721.5 1.140850e+01
3722.5 1.128630e+01
3723.5 1.133880e+01
3724.5 1.134600e+01
3725.5 1.130390e+01
3726.5 1.133880e+01
3727.5 1.132590e+01
3728.5 1.128510e+01
3729.5 1.127990e+01
3730.5 1.126020e+01
3731.5 1.125420e+01
3732.5 1.122780e+01
3733.5 1.123840e+01
3734.5 1.116920e+01
3735.5 1.113600e+01
3736.5 1.113580e+01
3737.5 1.110430e+01
3738.5 1.104560e+01
3739.5 1.090240e+01
3740.5 1.076020e+01
3741.5 1.087710e+01
3742.5 1.099630e+01
3743.5 1.105110e+01
3744.5 1.107090e+01
3745.5 1.069250e+01
3746.5 1.104160e+01
3747.5 1.107330e+01
3748.5 1.104530e+01
3749.5 1.102960e+01
3750.5 1.105040e+01
3751.5 1.102970e+01
3752.5 1.103600e+01
3753.5 1.097180e+01
3754.5 1.101370e+01
3755.5 1.100430e+01
3756.5 1.099850e+01
3757.5 1.097260e+01
3758.5 1.097590e+01
3759.5 1.096430e+01
3760.5 1.095390e+01
3761.5 1.088660e+01
3762.5 1.091820e+01
3763.5 1.091890e+01
3764.5 1.091510e+01
3765.5 1.090510e+01
3766.5 1.089030e+01
3767.5 1.087180e+01
3768.5 1.084110e+01
3769.5 1.084510e+01
3770.5 1.083300e+01
3771.5 1.083590e+01
3772.5 1.083190e+01
3773.5 1.081440e+01
3774.5 1.079530e+01
3775.5 1.079720e+01
3776.5 1.078230e+01
3777.5 1.075680e+01
3778.5 1.076230e+01
3779.5 1.075090e+01
3780.5 1.074580e+01
3781.5 1.071250e+01
3782.5 1.069380e+01
3783.5 1.070740e+01
3784.5 1.070510e+01
3785.5 1.069980e+01
3786.5 1.067980e+01
3787.5 1.068160e+01
3788.5 1.065820e+01
3789.5 1.065670e+01
3790.5 1.065220e+01
3791.5 1.062970e+01
3792.5 1.063250e+01
3793.5 1.061840e+01
3794.5 1.059260e+01
3795.5 1.059310e+01
3796.5 1.058750e+01
3797.5 1.058460e+01
3798.5 1.057000e+01
3799.5 1.055820e+01
3800.5 1.053440e+01
3801.5 1.053880e+01
3802.5 1.052070e+01
3803.5 1.052530e+01
3804.5 1.051630e+01
3805.5 1.050380e+01
3806.5 1.050080e+01
3807.5 1.049180e+01
3808.5 1.048270e+01
3809.5 1.046520e+01
3810.5 1.044400e+01
3811.5 1.045400e+01
3812.5 1.042960e+01
3813.5 1.042670e+01
3814.5 1.042340e+01
3815.5 1.036750e+01
3816.5 1.040890e+01
3817.5 1.039090e+01
3818.5 1.037220e+01
3819.5 1.038180e+01
3820.5 1.036440e+01
3821.5 1.035230e+01
3822.5 1.033890e+01
3823.5 1.033710e+01
3824.5 1.034040e+01
3825.5 1.032910e+01
3826.5 1.031640e+01
3827.5 1.031210e+01
3828.5 1.028650e+01
3829.5 1.029290e+01
3830.5 1.028930e+01
3831.5 1.027510e+01
3832.5 1.027070e+01
3833.5 1.025820e+01
3834.5 1.020780e+01
3835.5 1.015710e+01
3836.5 1.019810e+01
3837.5 1.021710e+01
3838.5 1.017380e+01
3839.5 1.018520e+01
3840.5 1.019170e+01
3841.5 1.017110e+01
3842.5 1.018050e+01
3843.5 1.013920e+01
3844.5 1.012410e+01
3845.5 1.016030e+01
3846.5 1.013800e+01
3847.5 1.014000e+01
3848.5 1.012740e+01
3849.5 1.009490e+01
3850.5 1.007160e+01
3851.5 1.010590e+01
3852.5 1.008840e+01
3853.5 1.002920e+01
3854.5 9.985210e+00
3855.5 1.005840e+01
3856.5 1.005890e+01
3857.5 9.939590e+00
3858.5 9.993350e+00
3859.5 1.001390e+01
3860.5 1.002850e+01
3861.5 1.002220e+01
3862.5 9.997620e+00
3863.5 9.672020e+00
3864.5 9.951380e+00
3865.5 9.828510e+00
3866.5 8.532680e+00
3867.5 9.342940e+00
3868.5 9.816650e+00
3869.5 9.582710e+00
3870.5 9.891420e+00
3871.5 9.913290e+00
3872.5 9.378480e+00
3873.5 9.814830e+00
3874.5 9.679030e+00
3875.5 9.808240e+00
3876.5 9.891320e+00
3877.5 9.814090e+00
3878.5 9.743820e+00
3879.5 9.840530e+00
3880.5 9.624230e+00
3881.5 9.677980e+00
3882.5 9.772640e+00
3883.5 9.536590e+00
3884.5 9.780260e+00
3885.5 9.788040e+00
3886.5 9.585970e+00
3887.5 9.471890e+00
3888.5 9.549750e+00
3889.5 9.282440e+00
3890.5 9.456540e+00
3891.5 9.608150e+00
3892.5 9.595070e+00
3893.5 9.590090e+00
3894.5 9.441010e+00
3895.5 9.617420e+00
3896.5 9.421790e+00
3897.5 9.426080e+00
3898.5 9.420940e+00
3899.5 9.570900e+00
3900.5 9.390130e+00
3901.5 9.531340e+00
3902.5 9.564930e+00
3903.5 9.514560e+00
3904.5 9.597200e+00
3905.5 9.585490e+00
3906.5 9.214930e+00
3907.5 9.565620e+00
3908.5 9.556740e+00
3909.5 9.107500e+00
3910.5 9.310210e+00
3911.5 9.080030e+00
3912.5 9.393570e+00
3913.5 9.450070e+00
3914.5 9.519650e+00
3915.5 9.479310e+00
3916.5 9.503830e+00
3917.5 9.413330e+00
3918.5 9.478770e+00
3919.5 9.473830e+00
3920.5 9.444390e+00
3921.5 9.444140e+00
3922.5 9.434770e+00
3923.5 9.376900e+00
3924.5 9.390450e+00
3925.5 9.373330e+00
3926.5 9.386530e+00
3927.5 9.388400e+00
3928.5 9.319340e+00
3929.5 9.375240e+00
3930.5 9.292370e+00
3931.5 9.277750e+00
3932.5 9.326680e+00
3933.5 9.257330e+00
3934.5 9.150590e+00
3935.5 9.275440e+00
3936.5 9.308140e+00
3937.5 9.257310e+00
3938.5 9.265070e+00
3939.5 9.280720e+00
3940.5 9.264180e+00
3941.5 9.220060e+00
3942.5 9.215370e+00
3943.5 9.221160e+00
3944.5 9.154450e+00
3945.5 9.180250e+00
3946.5 9.191260e+00
3947.5 9.202560e+00
3948.5 9.194830e+00
3949.5 9.140640e+00
3950.5 9.090450e+00
3951.5 9.010580e+00
3952.5 9.073930e+00
3953.5 9.146570e+00
3954.5 9.128660e+00
3955.5 9.128830e+00
3956.5 9.119270e+00
3957.5 9.106460e+00
3958.5 9.098380e+00
3959.5 9.013030e+00
3960.5 9.081360e+00
3961.5 9.063190e+00
3962.5 9.059570e+00
3963.5 9.051740e+00
3964.5 9.023650e+00
3965.5 9.018380e+00
3966.5 8.994650e+00
3967.5 8.980470e+00
3968.5 8.753560e+00
3969.5 8.885740e+00
3970.5 8.723680e+00
3971.5 8.972940e+00
3972.5 8.967450e+00
3973.5 8.927680e+00
3974.5 8.561030e+00
3975.5 8.897930e+00
3976.5 8.933260e+00
3977.5 8.881040e+00
3978.5 8.908040e+00
3979.5 8.695010e+00
3980.5 8.519940e+00
3981.5 8.756640e+00
3982.5 8.782250e+00
3983.5 8.812250e+00
3984.5 8.797520e+00
3985.5 8.524740e+00
3986.5 8.615670e+00
3987.5 8.632720e+00
3988.5 8.604120e+00
3989.5 8.672970e+00
3990.5 8.664460e+00
3991.5 8.724170e+00
3992.5 8.731090e+00
3993.5 8.782150e+00
3994.5 8.724700e+00
3995.5 8.584950e+00
3996.5 8.606100e+00
3997.5 8.702310e+00
3998.5 8.511540e+00
3999.5 8.414000e+00
4000.5 8.575860e+00
4001.5 8.521890e+00
4002.5 8.671770e+00
4003.5 8.633520e+00
4004.5 8.621540e+00
4005.5 8.653830e+00
4006.5 8.547480e+00
4007.5 8.604240e+00
4008.5 8.604740e+00
4009.5 8.609520e+00
4010.5 8.577380e+00
4011.5 8.584240e+00
4012.5 8.583870e+00
4013.5 8.605970e+00
4014.5 8.421770e+00
4015.5 8.449580e+00
4016.5 8.517640e+00
4017.5 8.480460e+00
4018.5 8.539880e+00
4019.5 8.548290e+00
4020.5 8.428530e+00
4021.5 8.518760e+00
4022.5 8.490620e+00
4023.5 8.505590e+00
4024.5 8.509410e+00
4025.5 8.458630e+00
4026.5 8.432190e+00
4027.5 8.498470e+00
4028.5 8.474190e+00
4029.5 8.478910e+00
4030.5 8.472780e+00
4031.5 8.452400e+00
4032.5 8.437910e+00
4033.5 8.303630e+00
4034.5 8.344600e+00
4035.5 8.422940e+00
4036.5 8.408410e+00
4037.5 8.394770e+00
4038.5 8.262410e+00
4039.5 8.373430e+00
4040.5 8.378310e+00
4041.5 8.371220e+00
4042.5 8.354610e+00
4043.5 8.326310e+00
4044.5 8.015310e+00
4045.5 8.318170e+00
4046.5 8.314370e+00
4047.5 8.278780e+00
4048.5 8.258760e+00
4049.5 8.201060e+00
4050.5 8.061390e+00
4051.5 7.778350e+00
4052.5 7.240010e+00
4053.5 7.987310e+00
4054.5 8.034930e+00
4055.5 8.176520e+00
4056.5 8.206050e+00
4057.5 8.210060e+00
4058.5 8.021870e+00
4059.5 7.923200e+00
4060.5 8.159690e+00
4061.5 8.154520e+00
4062.5 8.202170e+00
4063.5 8.184660e+00
4064.5 8.026870e+00
4065.5 8.146240e+00
4066.5 8.144400e+00
4067.5 8.150720e+00
4068.5 8.073250e+00
4069.5 8.049250e+00
4070.5 8.120820e+00
4071.5 8.095220e+00
4072.5 8.122780e+00
4073.5 8.117990e+00
4074.5 8.096870e+00
4075.5 8.112390e+00
4076.5 8.074410e+00
4077.5 8.077450e+00
4078.5 8.086330e+00
4079.5 8.033440e+00
4080.5 8.015110e+00
4081.5 8.049020e+00
4082.5 8.044120e+00
4083.5 7.946150e+00
4084.5 8.019130e+00
4085.5 8.017310e+00
4086.5 8.014560e+00
4087.5 7.986220e+00
4088.5 7.764340e+00
4089.5 7.977140e+00
4090.5 7.982620e+00
4091.5 7.975360e+00
4092.5 7.937660e+00
4093.5 7.947710e+00
4094.5 7.959740e+00
4095.5 7.940090e+00
4096.5 7.930960e+00
4097.5 7.913880e+00
4098.5 7.925610e+00
4099.5 7.904570e+00
4100.5 7.897660e+00
4101.5 7.794480e+00
4102.5 7.878640e+00
4103.5 7.887470e+00
4104.5 7.879390e+00
4105.5 7.856120e+00
4106.5 7.861040e+00
4107.5 7.837880e+00
4108.5 7.848660e+00
4109.5 7.815750e+00
4110.5 7.657460e+00
4111.5 7.674300e+00
4112.5 7.807270e+00
4113.5 7.813530e+00
4114.5 7.806500e+00
4115.5 7.791650e+00
4116.5 7.792870e+00
4117.5 7.778790e+00
4118.5 7.772960e+00
4119.5 7.762530e+00
4120.5 7.759790e+00
4121.5 7.751550e+00
4122.5 7.744650e+00
4123.5 7.709820e+00
4124.5 7.727460e+00
4125.5 7.718620e+00
4126.5 7.716810e+00
4127.5 7.708750e+00
4128.5 7.698860e+00
4129.5 7.697680e+00
4130.5 7.689590e+00
4131.5 7.680250e+00
4132.5 7.672310e+00
4133.5 7.457050e+00
4134.5 7.633130e+00
4135.5 7.653600e+00
4136.5 7.641630e+00
4137.5 7.539980e+00
4138.5 7.598060e+00
4139.5 7.613890e+00
4140.5 7.538330e+00
4141.5 7.607430e+00
4142.5 7.598330e+00
4143.5 7.436310e+00
4144.5 7.580430e+00
4145.5 7.579880e+00
4146.5 7.567880e+00
4147.5 7.561230e+00
4148.5 7.481960e+00
4149.5 7.530820e+00
4150.5 7.522720e+00
4151.5 7.510460e+00
4152.5 7.524240e+00
4153.5 7.515330e+00
4154.5 7.509050e+00
4155.5 7.507960e+00
4156.5 7.502250e+00
4157.5 7.497670e+00
4158.5 7.483060e+00
4159.5 7.469850e+00
4160.5 7.476670e+00
4161.5 7.461850e+00
4162.5 7.459550e+00
4163.5 7.446130e+00
4164.5 7.448440e+00
4165.5 7.434150e+00
4166.5 7.432960e+00
4167.5 7.337260e+00
4168.5 7.410270e+00
4169.5 7.415580e+00
4170.5 7.395610e+00
4171.5 7.385200e+00
4172.5 7.374960e+00
4173.5 7.383780e+00
4174.5 7.373300e+00
4175.5 7.371860e+00
4176.5 7.367720e+00
4177.5 7.329350e+00
4178.5 7.337290e+00
4179.5 7.340150e+00
4180.5 7.268090e+00
4181.5 7.298440e+00
4182.5 7.324920e+00
4183.5 7.312230e+00
4184.5 7.148920e+00
4185.5 7.304150e+00
4186.5 7.289360e+00
4187.5 7.290800e+00
4188.5 7.286360e+00
4189.5 7.279550e+00
4190.5 7.269300e+00
4191.5 7.233400e+00
4192.5 7.012980e+00
4193.5 7.237450e+00
4194.5 7.243470e+00
4195.5 7.231330e+00
4196.5 7.211840e+00
4197.5 7.215200e+00
4198.5 7.194620e+00
4199.5 7.177990e+00
4200.5 7.111760e+00
4201.5 6.705080e+00
4202.5 7.141350e+00
4203.5 7.172630e+00
4204.5 7.069120e+00
4205.5 6.874230e+00
4206.5 6.964110e+00
4207.5 7.127950e+00
4208.5 6.909500e+00
4209.5 7.050990e+00
4210.5 7.133310e+00
4211.5 7.118510e+00
4212.5 7.120390e+00
4213.5 7.119220e+00
4214.5 7.112580e+00
4215.5 7.105950e+00
4216.5 7.098710e+00
4217.5 7.089860e+00
4218.5 7.083090e+00
4219.5 7.074810e+00
4220.5 7.072860e+00
4221.5 7.066280e+00
4222.5 7.059640e+00
4223.5 7.047840e+00
4224.5 7.040630e+00
4225.5 7.039060e+00
4226.5 7.031890e+00
4227.5 7.016110e+00
4228.5 7.020060e+00
4229.5 7.007490e+00
4230.5 7.006900e+00
4231.5 6.997230e+00
4232.5 6.993620e+00
4233.5 6.960010e+00
4234.5 6.959310e+00
4235.5 6.972670e+00
4236.5 6.966880e+00
4237.5 6.955340e+00
4238.5 6.954580e+00
4239.5 6.947770e+00
4240.5 6.922790e+00
4241.5 6.931930e+00
4242.5 6.928240e+00
4243.5 6.918240e+00
4244.5 6.915490e+00
4245.5 6.908980e+00
4246.5 6.858980e+00
4247.5 6.895970e+00
4248.5 6.887380e+00
4249.5 6.882700e+00
4250.5 6.872870e+00
4251.5 6.820050e+00
4252.5 6.860250e+00
4253.5 6.841340e+00
4254.5 6.850430e+00
4255.5 6.844090e+00
4256.5 6.829240e+00
4257.5 6.825130e+00
4258.5 6.821810e+00
4259.5 6.818060e+00
4260.5 6.795630e+00
4261.5 6.793870e+00
4262.5 6.792940e+00
4263.5 6.792290e+00
4264.5 6.785950e+00
4265.5 6.774070e+00
4266.5 6.743750e+00
4267.5 6.766430e+00
4268.5 6.745340e+00
4269.5 6.749350e+00
4270.5 6.746650e+00
4271.5 6.732700e+00
4272.5 6.730280e+00
4273.5 6.724840e+00
4274.5 6.721000e+00
4275.5 6.715180e+00
4276.5 6.708760e+00
4277.5 6.702330e+00
4278.5 6.695920e+00
4279.5 6.689520e+00
4280.5 6.683080e+00
4281.5 6.675290e+00
4282.5 6.670260e+00
4283.5 6.663850e+00
4284.5 6.657440e+00
4285.5 6.648490e+00
4286.5 6.636440e+00
4287.5 6.631480e+00
4288.5 6.626500e+00
4289.5 6.623730e+00
4290.5 6.618350e+00
4291.5 6.612550e+00
4292.5 6.605390e+00
4293.5 6.599730e+00
4294.5 6.385500e+00
4295.5 6.008750e+00
4296.5 6.223070e+00
4297.5 6.323070e+00
4298.5 6.393000e+00
4299.5 6.377320e+00
4300.5 6.346500e+00
4301.5 6.376750e+00
4302.5 6.363560e+00
4303.5 6.358420e+00
4304.5 6.386070e+00
4305.5 6.343220e+00
4306.5 6.486930e+00
4307.5 6.329700e+00
4308.5 6.325180e+00
4309.5 6.473740e+00
4310.5 6.328360e+00
4311.5 6.350900e+00
4312.5 6.331060e+00
4313.5 6.294050e+00
4314.5 6.462390e+00
4315.5 6.288970e+00
4316.5 6.446310e+00
4317.5 6.267150e+00
4318.5 6.439460e+00
4319.5 6.266570e+00
4320.5 6.425630e+00
4321.5 6.175500e+00
4322.5 6.414020e+00
4323.5 6.380090e+00
4324.5 6.237100e+00
4325.5 6.367460e+00
4326.5 6.198870e+00
4327.5 6.380840e+00
4328.5 6.169660e+00
4329.5 6.335870e+00
4330.5 6.360690e+00
4331.5 6.162200e+00
4332.5 6.173820e+00
4333.5 6.152650e+00
4334.5 6.327840e+00
4335.5 6.328480e+00
4336.5 6.140630e+00
4337.5 6.312510e+00
4338.5 6.302270e+00
4339.5 6.147930e+00
4340.5 6.270000e+00
4341.5 6.103420e+00
4342.5 6.286410e+00
4343.5 6.275380e+00
4344.5 6.059690e+00
4345.5 6.207690e+00
4346.5 6.241570e+00
4347.5 6.050720e+00
4348.5 6.150810e+00
4349.5 6.229680e+00
4350.5 5.699710e+00
4351.5 5.855470e+00
4352.5 5.948180e+00
4353.5 5.846250e+00
4354.5 5.921150e+00
4355.5 6.028940e+00
4356.5 6.065530e+00
4357.5 5.967610e+00
4358.5 6.057600e+00
4359.5 6.030040e+00
4360.5 5.805790e+00
4361.5 6.123180e+00
4362.5 6.022390e+00
4363.5 5.684050e+00
4364.5 6.075710e+00
4365.5 5.975080e+00
4366.5 5.973760e+00
4367.5 5.905990e+00
4368.5 5.965820e+00
4369.5 6.117560e+00
4370.5 5.755200e+00
4371.5 6.090940e+00
4372.5 5.934410e+00
4373.5 6.093150e+00
4374.5 5.720550e+00
4375.5 6.032310e+00
4376.5 5.917020e+00
4377.5 6.052360e+00
4378.5 5.715170e+00
4379.5 5.961730e+00
4380.5 5.893760e+00
4381.5 6.040430e+00
4382.5 5.797300e+00
4383.5 5.867380e+00
4384.5 6.017890e+00
4385.5 5.852070e+00
4386.5 5.818260e+00
4387.5 6.000010e+00
4388.5 5.835840e+00
4389.5 5.993910e+00
4390.5 5.610480e+00
4391.5 5.974980e+00
4392.5 5.959040e+00
4393.5 5.793850e+00
4394.5 5.737060e+00
4395.5 5.947060e+00
4396.5 5.780420e+00
4397.5 5.948220e+00
4398.5 5.732410e+00
4399.5 5.695950e+00
4400.5 5.929730e+00
4401.5 5.878680e+00
4402.5 5.464360e+00
4403.5 5.739170e+00
4404.5 5.907900e+00
4405.5 5.712620e+00
4406.5 5.865370e+00
4407.5 5.211070e+00
4408.5 5.486020e+00
4409.5 5.639540e+00
4410.5 5.724230e+00
4411.5 5.324720e+00
4412.5 5.712950e+00
4413.5 5.717520e+00
4414.5 5.636960e+00
4415.5 5.578250e+00
4416.5 5.547380e+00
4417.5 5.749300e+00
4418.5 5.557550e+00
4419.5 5.703240e+00
4420.5 5.496480e+00
4421.5 5.581660e+00
4422.5 5.636210e+00
4423.5 5.783870e+00
4424.5 5.659050e+00
4425.5 5.382570e+00
4426.5 5.660600e+00
4427.5 5.752240e+00
4428.5 5.641670e+00
4429.5 5.546630e+00
4430.5 5.420470e+00
4431.5 5.738090e+00
4432.5 5.399940e+00
4433.5 5.649870e+00
4434.5 5.583760e+00
4435.5 5.531300e+00
4436.5 5.409130e+00
4437.5 5.718840e+00
4438.5 5.604950e+00
4439.5 5.633680e+00
4440.5 5.304710e+00
4441.5 5.561730e+00
4442.5 5.706960e+00
4443.5 5.550270e+00
4444.5 5.498420e+00
4445.5 5.494300e+00
4446.5 5.537050e+00
4447.5 5.661370e+00
4448.5 5.548440e+00
4449.5 5.416990e+00
4450.5 5.456680e+00
4451.5 5.655450e+00
4452.5 5.486920e+00
4453.5 5.452810e+00
4454.5 5.539930e+00
4455.5 5.382540e+00
4456.5 5.610580e+00
4457.5 5.318450e+00
4458.5 5.528620e+00
4459.5 5.597270e+00
4460.5 5.417340e+00
4461.5 5.287600e+00
4462.5 5.564090e+00
4463.5 5.593600e+00
4464.5 5.433060e+00
4465.5 5.229530e+00
4466.5 5.050610e+00
4467.5 5.210060e+00
4468.5 5.452240e+00
4469.5 5.435240e+00
4470.5 5.214160e+00
4471.5 5.107540e+00
4472.5 5.449260e+00
4473.5 5.420320e+00
4474.5 5.366220e+00
4475.5 5.239930e+00
4476.5 5.417460e+00
4477.5 5.145460e+00
4478.5 5.406820e+00
4479.5 5.408690e+00
4480.5 5.308690e+00
4481.5 5.205430e+00
4482.5 5.504140e+00
4483.5 5.220530e+00
4484.5 5.480740e+00
4485.5 5.033810e+00
4486.5 5.470120e+00
4487.5 5.346970e+00
4488.5 5.306100e+00
4489.5 5.097580e+00
4490.5 5.266910e+00
4491.5 5.349280e+00
4492.5 5.257820e+00
4493.5 5.309630e+00
4494.5 5.290050e+00
4495.5 5.139360e+00
4496.5 5.204070e+00
4497.5 5.388040e+00
4498.5 5.300290e+00
4499.5 5.375120e+00
4500.5 4.924630e+00
4501.5 5.333990e+00
4502.5 5.370840e+00
4503.5 5.248340e+00
4504.5 5.307380e+00
4505.5 4.889890e+00
4506.5 5.074110e+00
4507.5 5.177340e+00
4508.5 5.370860e+00
4509.5 5.084580e+00
4510.5 5.211670e+00
4511.5 5.246330e+00
4512.5 5.275580e+00
4513.5 4.978360e+00
4514.5 5.286530e+00
4515.5 5.269830e+00
4516.5 5.135000e+00
4517.5 5.296080e+00
4518.5 5.148930e+00
4519.5 5.108410e+00
4520.5 5.283440e+00
4521.5 5.006700e+00
4522.5 5.148860e+00
4523.5 5.313740e+00
4524.5 4.954260e+00
4525.5 4.886810e+00
4526.5 5.157230e+00
4527.5 4.738830e+00
4528.5 5.169910e+00
4529.5 5.176840e+00
4530.5 5.187450e+00
4531.5 4.945520e+00
4532.5 4.965890e+00
4533.5 4.994860e+00
4534.5 5.106770e+00
4535.5 5.163310e+00
4536.5 5.052200e+00
4537.5 5.217570e+00
4538.5 4.832920e+00
4539.5 5.112340e+00
4540.5 5.126560e+00
4541.5 4.946560e+00
4542.5 5.072720e+00
4543.5 5.087100e+00
4544.5 5.010590e+00
4545.5 4.969080e+00
4546.5 4.847830e+00
4547.5 5.074490e+00
4548.5 5.179050e+00
4549.5 5.028700e+00
4550.5 4.912150e+00
4551.5 4.995400e+00
4552.5 4.872060e+00
4553.5 5.145390e+00
4554.5 4.963130e+00
4555.5 5.183480e+00
4556.5 4.843280e+00
4557.5 5.113090e+00
4558.5 5.020150e+00
4559.5 4.836760e+00
4560.5 5.134870e+00
4561.5 5.074680e+00
4562.5 4.835420e+00
4563.5 4.947370e+00
4564.5 5.022820e+00
4565.5 5.063360e+00
4566.5 4.797100e+00
4567.5 4.859030e+00
4568.5 5.084070e+00
4569.5 4.885260e+00
4570.5 4.933560e+00
4571.5 5.005860e+00
4572.5 5.105850e+00
4573.5 4.651430e+00
4574.5 5.045310e+00
4575.5 4.746270e+00
4576.5 4.939200e+00
4577.5 5.084920e+00
4578.5 4.902060e+00
4579.5 4.927740e+00
4580.5 4.733600e+00
4581.5 5.030540e+00
4582.5 4.775900e+00
4583.5 5.035840e+00
4584.5 4.712450e+00
4585.5 4.835160e+00
4586.5 4.825580e+00
4587.5 4.697560e+00
4588.5 4.808060e+00
4589.5 4.692670e+00
4590.5 4.783380e+00
4591.5 4.932420e+00
4592.5 4.923510e+00
4593.5 4.811350e+00
4594.5 4.709580e+00
4595.5 4.591290e+00
4596.5 4.786260e+00
4597.5 4.911870e+00
4598.5 4.903850e+00
4599.5 4.714730e+00
4600.5 4.822860e+00
4601.5 4.750360e+00
4602.5 4.586650e+00
4603.5 4.861910e+00
4604.5 4.642090e+00
4605.5 4.855590e+00
4606.5 4.962470e+00
4607.5 4.803610e+00
4608.5 4.650580e+00
4609.5 4.518630e+00
4610.5 4.843820e+00
4611.5 4.840350e+00
4612.5 4.776660e+00
4613.5 4.910330e+00
4614.5 4.595740e+00
4615.5 4.764480e+00
4616.5 4.445460e+00
4617.5 4.666320e+00
4618.5 4.896860e+00
4619.5 4.809080e+00
4620.5 4.465470e+00
4621.5 4.745540e+00
4622.5 4.854790e+00
4623.5 4.704010e+00
4624.5 4.772070e+00
4625.5 4.493210e+00
4626.5 4.657380e+00
4627.5 4.779960e+00
4628.5 4.849280e+00
4629.5 4.693740e+00
4630.5 4.613440e+00
4631.5 4.703790e+00
4632.5 4.867500e+00
4633.5 4.551860e+00
4634.5 4.739090e+00
4635.5 4.836770e+00
4636.5 4.618600e+00
4637.5 4.631400e+00
4638.5 4.701980e+00
4639.5 4.564180e+00
4640.5 4.806780e+00
4641.5 4.706150e+00
4642.5 4.582440e+00
4643.5 4.646010e+00
4644.5 4.650560e+00
4645.5 4.776380e+00
4646.5 4.537230e+00
4647.5 4.672240e+00
4648.5 4.453070e+00
4649.5 4.491090e+00
4650.5 4.505180e+00
4651.5 4.676330e+00
4652.5 4.479270e+00
4653.5 4.307150e+00
4654.5 4.471790e+00
4655.5 4.606960e+00
4656.5 4.600280e+00
4657.5 4.636230e+00
4658.5 4.567890e+00
4659.5 4.497750e+00
4660.5 4.377690e+00
4661.5 4.645840e+00
4662.5 4.721080e+00
4663.5 4.550920e+00
4664.5 4.538460e+00
4665.5 4.689140e+00
4666.5 4.378450e+00
4667.5 4.511980e+00
4668.5 4.427410e+00
4669.5 4.685520e+00
4670.5 4.640170e+00
4671.5 4.661180e+00
4672.5 4.459130e+00
4673.5 4.538360e+00
4674.5 4.493770e+00
4675.5 4.501590e+00
4676.5 4.590460e+00
4677.5 4.599660e+00
4678.5 4.626250e+00
4679.5 4.449570e+00
4680.5 4.533400e+00
4681.5 4.485130e+00
4682.5 4.504900e+00
4683.5 4.530910e+00
4684.5 4.543430e+00
4685.5 4.361950e+00
4686.5 4.640600e+00
4687.5 4.655240e+00
4688.5 4.459720e+00
4689.5 4.551410e+00
4690.5 4.528730e+00
4691.5 4.323630e+00
4692.5 4.544190e+00
4693.5 4.606870e+00
4694.5 4.466350e+00
4695.5 4.487420e+00
4696.5 4.500690e+00
4697.5 4.541590e+00
4698.5 4.473730e+00
4699.5 4.303030e+00
4700.5 4.482170e+00
4701.5 4.556970e+00
4702.5 4.514110e+00
4703.5 4.287080e+00
4704.5 4.592670e+00
4705.5 4.456170e+00
4706.5 4.550870e+00
4707.5 4.287000e+00
4708.5 4.341560e+00
4709.5 4.557830e+00
4710.5 4.411670e+00
4711.5 4.463480e+00
4712.5 4.351400e+00
4713.5 4.268340e+00
4714.5 4.442650e+00
4715.5 4.428240e+00
4716.5 4.498840e+00
4717.5 4.347480e+00
4718.5 4.214460e+00
4719.5 4.351060e+00
4720.5 4.401070e+00
4721.5 4.404980e+00
4722.5 4.457060e+00
4723.5 4.415780e+00
4724.5 4.444960e+00
4725.5 4.399590e+00
4726.5 4.140950e+00
4727.5 4.439530e+00
4728.5 4.482270e+00
4729.5 4.260530e+00
4730.5 4.477870e+00
4731.5 4.430780e+00
4732.5 4.326790e+00
4733.5 4.253800e+00
4734.5 4.270180e+00
4735.5 4.278170e+00
4736.5 4.465660e+00
4737.5 4.440220e+00
4738.5 4.307300e+00
4739.5 4.336930e+00
4740.5 4.236390e+00
4741.5 4.368900e+00
4742.5 4.223380e+00
4743.5 4.445480e+00
4744.5 4.416290e+00
4745.5 4.138690e+00
4746.5 4.338010e+00
4747.5 4.409870e+00
4748.5 4.293130e+00
4749.5 4.386550e+00
4750.5 4.261950e+00
4751.5 4.182800e+00
4752.5 4.295880e+00
4753.5 4.366980e+00
4754.5 4.265380e+00
4755.5 4.211720e+00
4756.5 4.320980e+00
4757.5 4.302390e+00
4758.5 4.158660e+00
4759.5 4.384470e+00
4760.5 4.233710e+00
4761.5 4.377270e+00
4762.5 4.271390e+00
4763.5 4.149140e+00
4764.5 4.273010e+00
4765.5 4.182310e+00
4766.5 4.231240e+00
4767.5 4.240510e+00
4768.5 4.260410e+00
4769.5 4.310300e+00
4770.5 4.127560e+00
4771.5 4.300300e+00
4772.5 4.209940e+00
4773.5 4.129950e+00
4774.5 4.261060e+00
4775.5 4.168890e+00
4776.5 4.181540e+00
4777.5 4.202720e+00
4778.5 4.180290e+00
4779.5 4.187640e+00
4780.5 4.137780e+00
4781.5 4.194580e+00
4782.5 4.302910e+00
4783.5 4.118300e+00
4784.5 4.223320e+00
4785.5 4.199760e+00
4786.5 3.974640e+00
4787.5 4.160700e+00
4788.5 4.207600e+00
4789.5 4.282700e+00
4790.5 4.256120e+00
4791.5 4.187620e+00
4792.5 4.152560e+00
4793.5 4.019960e+00
4794.5 4.080910e+00
4795.5 4.112170e+00
4796.5 4.105130e+00
4797.5 4.225870e+00
4798.5 4.253020e+00
4799.5 4.245060e+00
4800.5 4.077850e+00
4801.5 4.049810e+00
4802.5 4.059630e+00
4803.5 4.094860e+00
4804.5 4.077250e+00
4805.5 4.173770e+00
4806.5 4.170210e+00
4807.5 4.086460e+00
4808.5 4.167970e+00
4809.5 4.110210e+00
4810.5 4.062170e+00
4811.5 4.204460e+00
4812.5 4.166090e+00
4813.5 3.898970e+00
4814.5 4.071030e+00
4815.5 4.159980e+00
4816.5 4.100510e+00
4817.5 4.195190e+00
4818.5 4.083020e+00
4819.5 3.992190e+00
4820.5 4.096370e+00
4821.5 4.148830e+00
4822.5 4.174520e+00
4823.5 3.856490e+00
4824.5 4.028510e+00
4825.5 4.095770e+00
4826.5 4.164680e+00
4827.5 3.997040e+00
4828.5 4.003970e+00
4829.5 4.165310e+00
4830.5 4.106060e+00
4831.5 4.057340e+00
4832.5 4.056530e+00
4833.5 3.821060e+00
4834.5 4.016190e+00
4835.5 4.142780e+00
4836.5 4.091910e+00
4837.5 3.974670e+00
4838.5 4.055360e+00
4839.5 4.076600e+00
4840.5 4.068520e+00
4841.5 3.989650e+00
4842.5 4.119420e+00
4843.5 3.808890e+00
4844.5 3.966750e+00
4845.5 4.038860e+00
4846.5 3.984150e+00
4847.5 4.054740e+00
4848.5 3.925410e+00
4849.5 4.004230e+00
4850.5 3.993470e+00
4851.5 4.071100e+00
4852.5 4.030430e+00
4853.5 3.883160e+00
4854.5 3.847500e+00
4855.5 4.050880e+00
4856.5 3.712380e+00
4857.5 4.029160e+00
4858.5 4.038740e+00
4859.5 3.950090e+00
4860.5 4.019980e+00
4861.5 3.967450e+00
4862.5 3.970820e+00
4863.5 3.747460e+00
4864.5 3.951230e+00
4865.5 3.652610e+00
4866.5 4.016190e+00
4867.5 4.010200e+00
4868.5 3.949620e+00
4869.5 3.886010e+00
4870.5 3.985420e+00
4871.5 3.796390e+00
4872.5 3.878100e+00
4873.5 3.877390e+00
4874.5 3.936690e+00
4875.5 3.824670e+00
4876.5 3.809570e+00
4877.5 3.936560e+00
4878.5 3.901230e+00
4879.5 3.920620e+00
4880.5 3.893110e+00
4881.5 3.930470e+00
4882.5 3.932560e+00
4883.5 3.823520e+00
4884.5 3.842300e+00
4885.5 3.859150e+00
4886.5 3.791200e+00
4887.5 3.964170e+00
4888.5 3.872980e+00
4889.5 3.851890e+00
4890.5 3.826420e+00
4891.5 3.927950e+00
4892.5 3.960260e+00
4893.5 3.904510e+00
4894.5 3.796200e+00
4895.5 3.783960e+00
4896.5 3.930290e+00
4897.5 3.766810e+00
4898.5 3.823600e+00
4899.5 3.826600e+00
4900.5 3.923810e+00
4901.5 3.879780e+00
4902.5 3.871550e+00
4903.5 3.854110e+00
4904.5 3.922420e+00
4905.5 3.613940e+00
4906.5 3.842040e+00
4907.5 3.807520e+00
4908.5 3.774990e+00
4909.5 3.758720e+00
4910.5 3.850200e+00
4911.5 3.872690e+00
4912.5 3.801430e+00
4913.5 3.830470e+00
4914.5 3.791460e+00
4915.5 3.753410e+00
4916.5 3.711780e+00
4917.5 3.860630e+00
4918.5 3.732050e+00
4919.5 3.702910e+00
4920.5 3.659970e+00
4921.5 3.865680e+00
4922.5 3.823700e+00
4923.5 3.851240e+00
4924.5 3.798620e+00
4925.5 3.660660e+00
4926.5 3.725180e+00
4927.5 3.674100e+00
4928.5 3.740030e+00
4929.5 3.828080e+00
4930.5 3.791680e+00
4931.5 3.626800e+00
4932.5 3.836990e+00
4933.5 3.816950e+00
4934.5 3.702190e+00
4935.5 3.701410e+00
4936.5 3.620360e+00
4937.5 3.660390e+00
4938.5 3.674690e+00
4939.5 3.819180e+00
4940.5 3.761120e+00
4941.5 3.744110e+00
4942.5 3.711990e+00
4943.5 3.533470e+00
4944.5 3.731810e+00
4945.5 3.785970e+00
4946.5 3.658420e+00
4947.5 3.759430e+00
4948.5 3.536550e+00
4949.5 3.649340e+00
4950.5 3.736380e+00
4951.5 3.731110e+00
4952.5 3.777010e+00
4953.5 3.676070e+00
4954.5 3.633410e+00
4955.5 3.568960e+00
4956.5 3.767050e+00
4957.5 3.614380e+00
4958.5 3.601850e+00
4959.5 3.671870e+00
4960.5 3.520040e+00
4961.5 3.710770e+00
4962.5 3.593330e+00
4963.5 3.699080e+00
4964.5 3.704730e+00
4965.5 3.739390e+00
4966.5 3.590560e+00
4967.5 3.651930e+00
4968.5 3.498840e+00
4969.5 3.621710e+00
4970.5 3.696190e+00
4971.5 3.587650e+00
4972.5 3.645600e+00
4973.5 3.675140e+00
4974.5 3.654020e+00
4975.5 3.660980e+00
4976.5 3.705360e+00
4977.5 3.647870e+00
4978.5 3.440530e+00
4979.5 3.549110e+00
4980.5 3.619680e+00
4981.5 3.689490e+00
4982.5 3.568870e+00
4983.5 3.493360e+00
4984.5 3.652440e+00
4985.5 3.601450e+00
4986.5 3.601110e+00
4987.5 3.661860e+00
4988.5 3.651060e+00
4989.5 3.516400e+00
4990.5 3.379520e+00
4991.5 3.598040e+00
4992.5 3.490630e+00
4993.5 3.598110e+00
4994.5 3.487670e+00
4995.5 3.648070e+00
4996.5 3.641140e+00
4997.5 3.610400e+00
4998.5 3.570930e+00
4999.5 3.508490e+00
5000.5 3.515140e+00
5001.5 3.491090e+00
5002.5 3.486630e+00
5003.5 3.489340e+00
5004.5 3.616850e+00
5005.5 3.619970e+00
5006.5 3.474810e+00
5007.5 3.547340e+00
5008.5 3.480540e+00
5009.5 3.534690e+00
5010.5 3.505270e+00
5011.5 3.583280e+00
5012.5 3.375140e+00
5013.5 3.582510e+00
5014.5 3.522820e+00
5015.5 3.426800e+00
5016.5 3.550050e+00
5017.5 3.512090e+00
5018.5 3.417070e+00
5019.5 3.583900e+00
5020.5 3.545800e+00
5021.5 3.404230e+00
5022.5 3.468270e+00
5023.5 3.492730e+00
5024.5 3.464050e+00
5025.5 3.575210e+00
5026.5 3.560370e+00
5027.5 3.318860e+00
5028.5 3.519050e+00
5029.5 3.545210e+00
5030.5 3.414640e+00
5031.5 3.537230e+00
5032.5 3.324600e+00
5033.5 3.479160e+00
5034.5 3.550510e+00
5035.5 3.405130e+00
5036.5 3.494370e+00
5037.5 3.475600e+00
5038.5 3.535080e+00
5039.5 3.516590e+00
5040.5 3.368780e+00
5041.5 3.497880e+00
5042.5 3.347470e+00
5043.5 3.364820e+00
5044.5 3.513580e+00
5045.5 3.511410e+00
5046.5 3.507920e+00
5047.5 3.292640e+00
5048.5 3.485900e+00
5049.5 3.479560e+00
5050.5 3.500620e+00
5051.5 3.435330e+00
5052.5 3.492540e+00
5053.5 3.315280e+00
5054.5 3.171650e+00
5055.5 3.449920e+00
5056.5 3.463480e+00
5057.5 3.420910e+00
5058.5 3.429210e+00
5059.5 3.302420e+00
5060.5 3.441890e+00
5061.5 3.461120e+00
5062.5 3.460720e+00
5063.5 3.449010e+00
5064.5 3.329710e+00
5065.5 3.418120e+00
5066.5 3.270130e+00
5067.5 3.194270e+00
5068.5 3.455300e+00
5069.5 3.452610e+00
5070.5 3.411990e+00
5071.5 3.321990e+00
5072.5 3.414890e+00
5073.5 3.436550e+00
5074.5 3.374710e+00
5075.5 3.293000e+00
5076.5 3.410030e+00
5077.5 3.246640e+00
5078.5 3.404560e+00
5079.5 3.170500e+00
5080.5 3.420830e+00
5081.5 3.387050e+00
5082.5 3.359190e+00
5083.5 3.230590e+00
5084.5 3.378030e+00
5085.5 3.393190e+00
5086.5 3.299990e+00
5087.5 3.400470e+00
5088.5 3.332530e+00
5089.5 3.251870e+00
5090.5 3.356620e+00
5091.5 3.365370e+00
5092.5 3.125310e+00
5093.5 3.374160e+00
5094.5 3.317390e+00
5095.5 3.258670e+00
5096.5 3.302580e+00
5097.5 3.299010e+00
5098.5 3.275280e+00
5099.5 3.328490e+00
5100.5 3.275780e+00
5101.5 3.286930e+00
5102.5 3.212020e+00
5103.5 3.312990e+00
5104.5 3.235900e+00
5105.5 3.018710e+00
5106.5 3.322470e+00
5107.5 3.208950e+00
5108.5 3.340580e+00
5109.5 3.151150e+00
5110.5 3.327900e+00
5111.5 3.348680e+00
5112.5 3.194070e+00
5113.5 3.332750e+00
5114.5 3.275150e+00
5115.5 3.311040e+00
5116.5 3.315700e+00
5117.5 3.290130e+00
5118.5 3.174450e+00
5119.5 3.175930e+00
5120.5 3.035580e+00
5121.5 3.314660e+00
5122.5 3.262130e+00
5123.5 3.298380e+00
5124.5 3.163410e+00
5125.5 3.284660e+00
5126.5 3.269550e+00
5127.5 3.271350e+00
5128.5 3.280430e+00
5129.5 3.257400e+00
5130.5 3.279080e+00
5131.5 3.130100e+00
5132.5 2.966080e+00
5133.5 3.248430e+00
5134.5 3.223460e+00
5135.5 3.232720e+00
5136.5 3.246830e+00
5137.5 3.173460e+00
5138.5 3.269010e+00
5139.5 3.261470e+00
5140.5 3.271600e+00
5141.5 3.236670e+00
5142.5 3.157700e+00
5143.5 3.234120e+00
5144.5 3.003800e+00
5145.5 3.066550e+00
5146.5 3.121670e+00
5147.5 3.216180e+00
5148.5 3.238300e+00
5149.5 3.148720e+00
5150.5 3.234080e+00
5151.5 3.204610e+00
5152.5 3.205120e+00
5153.5 3.151170e+00
5154.5 3.235160e+00
5155.5 3.138260e+00
5156.5 3.206330e+00
5157.5 3.217740e+00
5158.5 2.953870e+00
5159.5 3.207980e+00
5160.5 3.081380e+00
5161.5 3.116070e+00
5162.5 3.168680e+00
5163.5 3.211830e+00
5164.5 3.214410e+00
5165.5 3.136370e+00
5166.5 3.111250e+00
5167.5 3.113600e+00
5168.5 3.188870e+00
5169.5 3.166590e+00
5170.5 3.186950e+00
5171.5 3.051020e+00
5172.5 3.134650e+00
5173.5 3.193690e+00
5174.5 3.041440e+00
5175.5 3.190970e+00
5176.5 3.110970e+00
5177.5 3.127730e+00
5178.5 3.154630e+00
5179.5 3.144670e+00
5180.5 3.098960e+00
5181.5 3.139680e+00
5182.5 3.124430e+00
5183.5 3.154860e+00
5184.5 3.148670e+00
5185.5 2.967790e+00
5186.5 3.119870e+00
5187.5 3.056660e+00
5188.5 2.926110e+00
5189.5 3.130620e+00
5190.5 3.143550e+00
5191.5 3.143010e+00
5192.5 3.021900e+00
5193.5 3.135180e+00
5194.5 3.130870e+00
5195.5 3.106800e+00
5196.5 3.142650e+00
5197.5 3.124980e+00
5198.5 3.002020e+00
5199.5 2.913610e+00
5200.5 2.968260e+00
5201.5 3.099540e+00
5202.5 3.120620e+00
5203.5 2.978290e+00
5204.5 3.020020e+00
5205.5 3.117070e+00
5206.5 3.092910e+00
5207.5 3.091890e+00
5208.5 3.052870e+00
5209.5 3.111460e+00
5210.5 3.099230e+00
5211.5 2.941750e+00
5212.5 2.987010e+00
5213.5 2.872320e+00
5214.5 3.036290e+00
5215.5 3.095870e+00
5216.5 3.079310e+00
5217.5 2.900480e+00
5218.5 3.086050e+00
5219.5 3.080300e+00
5220.5 3.080330e+00
5221.5 3.042490e+00
5222.5 3.003610e+00
5223.5 3.065140e+00
5224.5 2.972460e+00
5225.5 2.946310e+00
5226.5 2.972150e+00
5227.5 2.952860e+00
5228.5 3.056750e+00
5229.5 3.030420e+00
5230.5 2.995830e+00
5231.5 3.016410e+00
5232.5 2.945470e+00
5233.5 3.051070e+00
5234.5 2.981450e+00
5235.5 2.983900e+00
5236.5 2.967670e+00
5237.5 2.973310e+00
5238.5 3.004990e+00
5239.5 2.842500e+00
5240.5 2.997250e+00
5241.5 2.961360e+00
5242.5 2.904620e+00
5243.5 3.018410e+00
5244.5 3.007060e+00
5245.5 2.944540e+00
5246.5 3.003620e+00
5247.5 2.864930e+00
5248.5 2.920870e+00
5249.5 2.998810e+00
5250.5 3.003120e+00
5251.5 2.990550e+00
5252.5 2.969690e+00
5253.5 2.810490e+00
5254.5 2.993240e+00
5255.5 2.912500e+00
5256.5 2.881650e+00
5257.5 2.922200e+00
5258.5 2.940330e+00
5259.5 2.984370e+00
5260.5 2.977520e+00
5261.5 2.899740e+00
5262.5 2.869110e+00
5263.5 2.963780e+00
5264.5 2.976920e+00
5265.5 2.970290e+00
5266.5 2.894660e+00
5267.5 2.869300e+00
5268.5 2.940170e+00
5269.5 2.818570e+00
5270.5 2.971330e+00
5271.5 2.868290e+00
5272.5 2.956110e+00
5273.5 2.903440e+00
5274.5 2.911780e+00
5275.5 2.964530e+00
5276.5 2.945380e+00
5277.5 2.861470e+00
5278.5 2.950120e+00
5279.5 2.955510e+00
5280.5 2.848100e+00
5281.5 2.811630e+00
5282.5 2.847660e+00
5283.5 2.939100e+00
5284.5 2.903250e+00
5285.5 2.862810e+00
5286.5 2.826610e+00
5287.5 2.907550e+00
5288.5 2.935650e+00
5289.5 2.933520e+00
5290.5 2.908430e+00
5291.5 2.924040e+00
5292.5 2.771780e+00
5293.5 2.924820e+00
5294.5 2.780300e+00
5295.5 2.800350e+00
5296.5 2.822520e+00
5297.5 2.915490e+00
5298.5 2.907970e+00
5299.5 2.840990e+00
5300.5 2.815220e+00
5301.5 2.883450e+00
5302.5 2.863920e+00
5303.5 2.889520e+00
5304.5 2.845800e+00
5305.5 2.890190e+00
5306.5 2.811160e+00
5307.5 2.889700e+00
5308.5 2.715840e+00
5309.5 2.812370e+00
5310.5 2.853840e+00
5311.5 2.816220e+00
5312.5 2.803850e+00
5313.5 2.866740e+00
5314.5 2.867600e+00
5315.5 2.847090e+00
5316.5 2.739200e+00
5317.5 2.859340e+00
5318.5 2.817460e+00
5319.5 2.814210e+00
5320.5 2.857160e+00
5321.5 2.859790e+00
5322.5 2.846580e+00
5323.5 2.652100e+00
5324.5 2.837990e+00
5325.5 2.760790e+00
5326.5 2.778350e+00
5327.5 2.837830e+00
5328.5 2.796340e+00
5329.5 2.806870e+00
5330.5 2.830490e+00
5331.5 2.723410e+00
5332.5 2.798660e+00
5333.5 2.830830e+00
5334.5 2.812010e+00
5335.5 2.836230e+00
5336.5 2.817900e+00
5337.5 2.682930e+00
5338.5 2.830830e+00
5339.5 2.672340e+00
5340.5 2.687180e+00
5341.5 2.779540e+00
5342.5 2.814910e+00
5343.5 2.801540e+00
5344.5 2.758260e+00
5345.5 2.791090e+00
5346.5 2.726740e+00
5347.5 2.805850e+00
5348.5 2.801440e+00
5349.5 2.795910e+00
5350.5 2.801980e+00
5351.5 2.717340e+00
5352.5 2.692580e+00
5353.5 2.682560e+00
5354.5 2.786840e+00
5355.5 2.619280e+00
5356.5 2.772010e+00
5357.5 2.698670e+00
5358.5 2.772490e+00
5359.5 2.788660e+00
5360.5 2.774390e+00
5361.5 2.778500e+00
5362.5 2.681370e+00
5363.5 2.779110e+00
5364.5 2.740470e+00
5365.5 2.657140e+00
5366.5 2.659030e+00
5367.5 2.766400e+00
5368.5 2.732560e+00
5369.5 2.749240e+00
5370.5 2.766450e+00
5371.5 2.599090e+00
5372.5 2.735700e+00
5373.5 2.760650e+00
5374.5 2.754550e+00
5375.5 2.748930e+00
5376.5 2.717460e+00
5377.5 2.732070e+00
5378.5 2.621410e+00
5379.5 2.653530e+00
5380.5 2.669880e+00
5381.5 2.654980e+00
5382.5 2.736010e+00
5383.5 2.730790e+00
5384.5 2.677600e+00
5385.5 2.731480e+00
5386.5 2.632950e+00
5387.5 2.726900e+00
5388.5 2.647460e+00
5389.5 2.696830e+00
5390.5 2.725170e+00
5391.5 2.656350e+00
5392.5 2.714690e+00
5393.5 2.710820e+00
5394.5 2.538230e+00
5395.5 2.711950e+00
5396.5 2.626240e+00
5397.5 2.663670e+00
5398.5 2.679250e+00
5399.5 2.711250e+00
5400.5 2.709360e+00
5401.5 2.653610e+00
5402.5 2.593110e+00
5403.5 2.701520e+00
5404.5 2.573480e+00
5405.5 2.693170e+00
5406.5 2.695250e+00
5407.5 2.692830e+00
5408.5 2.566040e+00
5409.5 2.658040e+00
5410.5 2.591080e+00
5411.5 2.626210e+00
5412.5 2.621650e+00
5413.5 2.650360e+00
5414.5 2.655060e+00
5415.5 2.675800e+00
5416.5 2.662410e+00
5417.5 2.601440e+00
5418.5 2.617360e+00
5419.5 2.656910e+00
5420.5 2.666550e+00
5421.5 2.584180e+00
5422.5 2.657240e+00
5423.5 2.520630e+00
5424.5 2.651080e+00
5425.5 2.605900e+00
5426.5 2.521340e+00
5427.5 2.576690e+00
5428.5 2.610980e+00
5429.5 2.651570e+00
5430.5 2.595410e+00
5431.5 2.641030e+00
5432.5 2.643090e+00
5433.5 2.592240e+00
5434.5 2.617490e+00
5435.5 2.618930e+00
5436.5 2.638470e+00
5437.5 2.574970e+00
5438.5 2.459290e+00
5439.5 2.524950e+00
5440.5 2.631980e+00
5441.5 2.621040e+00
5442.5 2.610370e+00
5443.5 2.488770e+00
5444.5 2.575560e+00
5445.5 2.621660e+00
5446.5 2.612420e+00
5447.5 2.614780e+00
5448.5 2.620160e+00
5449.5 2.616700e+00
5450.5 2.508930e+00
5451.5 2.611440e+00
5452.5 2.507220e+00
5453.5 2.536470e+00
5454.5 2.530350e+00
5455.5 2.524180e+00
5456.5 2.598790e+00
5457.5 2.559270e+00
5458.5 2.526210e+00
5459.5 2.570120e+00
5460.5 2.487250e+00
5461.5 2.581340e+00
5462.5 2.510650e+00
5463.5 2.558700e+00
5464.5 2.589070e+00
5465.5 2.505560e+00
5466.5 2.490560e+00
5467.5 2.481650e+00
5468.5 2.577230e+00
5469.5 2.518250e+00
5470.5 2.567540e+00
5471.5 2.519350e+00
5472.5 2.495480e+00
5473.5 2.571140e+00
5474.5 2.499670e+00
5475.5 2.541860e+00
5476.5 2.484830e+00
5477.5 2.528820e+00
5478.5 2.495750e+00
5479.5 2.558650e+00
5480.5 2.555020e+00
5481.5 2.554710e+00
5482.5 2.373970e+00
5483.5 2.545780e+00
5484.5 2.548620e+00
5485.5 2.449800e+00
5486.5 2.540350e+00
5487.5 2.541350e+00
5488.5 2.523730e+00
5489.5 2.531150e+00
5490.5 2.408010e+00
5491.5 2.507700e+00
5492.5 2.540200e+00
5493.5 2.479340e+00
5494.5 2.508460e+00
5495.5 2.516000e+00
5496.5 2.516890e+00
5497.5 2.434340e+00
5498.5 2.528770e+00
5499.5 2.413810e+00
5500.5 2.461860e+00
5501.5 2.479050e+00
5502.5 2.517300e+00
5503.5 2.515040e+00
5504.5 2.516790e+00
5505.5 2.480130e+00
5506.5 2.506650e+00
5507.5 2.385760e+00
5508.5 2.509000e+00
5509.5 2.497360e+00
5510.5 2.504070e+00
5511.5 2.382240e+00
5512.5 2.442680e+00
5513.5 2.464090e+00
5514.5 2.453670e+00
5515.5 2.499110e+00
5516.5 2.360450e+00
5517.5 2.490220e+00
5518.5 2.481750e+00
5519.5 2.452770e+00
5520.5 2.487920e+00
5521.5 2.488550e+00
5522.5 2.486370e+00
5523.5 2.420670e+00
5524.5 2.475350e+00
5525.5 2.416740e+00
5526.5 2.411820e+00
5527.5 2.445300e+00
5528.5 2.310500e+00
5529.5 2.476260e+00
5530.5 2.465390e+00
5531.5 2.467880e+00
5532.5 2.402370e+00
5533.5 2.362130e+00
5534.5 2.466420e+00
5535.5 2.465210e+00
5536.5 2.457950e+00
5537.5 2.462100e+00
5538.5 2.452370e+00
5539.5 2.435070e+00
5540.5 2.367810e+00
5541.5 2.400590e+00
5542.5 2.401500e+00
5543.5 2.344000e+00
5544.5 2.429540e+00
5545.5 2.444490e+00
5546.5 2.377230e+00
5547.5 2.398040e+00
5548.5 2.434530e+00
5549.5 2.379450e+00
5550.5 2.367750e+00
5551.5 2.435150e+00
5552.5 2.416760e+00
5553.5 2.428870e+00
5554.5 2.393620e+00
5555.5 2.431920e+00
5556.5 2.429390e+00
5557.5 2.276320e+00
5558.5 2.416620e+00
5559.5 2.368510e+00
5560.5 2.422240e+00
5561.5 2.351600e+00
5562.5 2.393130e+00
5563.5 2.417090e+00
5564.5 2.353700e+00
5565.5 2.336620e+00
5566.5 2.398910e+00
5567.5 2.408570e+00
5568.5 2.340210e+00
5569.5 2.404580e+00
5570.5 2.402630e+00
5571.5 2.404860e+00
5572.5 2.318750e+00
5573.5 2.399420e+00
5574.5 2.333600e+00
5575.5 2.305280e+00
5576.5 2.393260e+00
5577.5 2.394840e+00
5578.5 2.371210e+00
5579.5 2.383980e+00
5580.5 2.331660e+00
5581.5 2.362300e+00
5582.5 2.307670e+00
5583.5 2.379950e+00
5584.5 2.318150e+00
5585.5 2.281560e+00
5586.5 2.378330e+00
5587.5 2.335870e+00
5588.5 2.331340e+00
5589.5 2.369980e+00
5590.5 2.341400e+00
5591.5 2.282450e+00
5592.5 2.320820e+00
5593.5 2.365750e+00
5594.5 2.366220e+00
5595.5 2.345180e+00
5596.5 2.356630e+00
5597.5 2.352820e+00
5598.5 2.300030e+00
5599.5 2.312360e+00
5600.5 2.291820e+00
5601.5 2.356270e+00
5602.5 2.347130e+00
5603.5 2.263380e+00
5604.5 2.267600e+00
5605.5 2.334130e+00
5606.5 2.339660e+00
5607.5 2.346670e+00
5608.5 2.230830e+00
5609.5 2.343010e+00
5610.5 2.319590e+00
5611.5 2.339870e+00
5612.5 2.334410e+00
5613.5 2.335360e+00
5614.5 2.329150e+00
5615.5 2.277700e+00
5616.5 2.324090e+00
5617.5 2.264760e+00
5618.5 2.224400e+00
5619.5 2.293480e+00
5620.5 2.275430e+00
5621.5 2.265620e+00
5622.5 2.315710e+00
5623.5 2.320720e+00
5624.5 2.295390e+00
5625.5 2.268070e+00
5626.5 2.255940e+00
5627.5 2.312260e+00
5628.5 2.299020e+00
5629.5 2.311260e+00
5630.5 2.293300e+00
5631.5 2.293370e+00
5632.5 2.239270e+00
5633.5 2.248770e+00
5634.5 2.240380e+00
5635.5 2.300300e+00
5636.5 2.208710e+00
5637.5 2.240720e+00
5638.5 2.269290e+00
5639.5 2.223150e+00
5640.5 2.283560e+00
5641.5 2.244420e+00
5642.5 2.278700e+00
5643.5 2.270220e+00
5644.5 2.235470e+00
5645.5 2.281030e+00
5646.5 2.265530e+00
5647.5 2.278280e+00
5648.5 2.275980e+00
5649.5 2.248660e+00
5650.5 2.195450e+00
5651.5 2.274700e+00
5652.5 2.230350e+00
5653.5 2.248680e+00
5654.5 2.273090e+00
5655.5 2.267830e+00
5656.5 2.195060e+00
5657.5 2.264560e+00
5658.5 2.171310e+00
5659.5 2.261310e+00
5660.5 2.243090e+00
5661.5 2.259490e+00
5662.5 2.211930e+00
5663.5 2.256020e+00
5664.5 2.253120e+00
5665.5 2.192370e+00
5666.5 2.251580e+00
5667.5 2.248140e+00
5668.5 2.188430e+00
5669.5 2.209900e+00
5670.5 2.232280e+00
5671.5 2.240940e+00
5672.5 2.241020e+00
5673.5 2.242350e+00
5674.5 2.215740e+00
5675.5 2.114350e+00
5676.5 2.140800e+00
5677.5 2.237080e+00
5678.5 2.232910e+00
5679.5 2.222930e+00
5680.5 2.177970e+00
5681.5 2.202280e+00
5682.5 2.192850e+00
5683.5 2.199540e+00
5684.5 2.212010e+00
5685.5 2.176270e+00
5686.5 2.185550e+00
5687.5 2.219280e+00
5688.5 2.213690e+00
5689.5 2.204100e+00
5690.5 2.215010e+00
5691.5 2.216000e+00
5692.5 2.215350e+00
5693.5 2.169520e+00
5694.5 2.159250e+00
5695.5 2.114270e+00
5696.5 2.179600e+00
5697.5 2.193100e+00
5698.5 2.110870e+00
5699.5 2.203560e+00
5700.5 2.198960e+00
5701.5 2.199190e+00
5702.5 2.198100e+00
5703.5 2.103110e+00
5704.5 2.194010e+00
5705.5 2.192820e+00
5706.5 2.191150e+00
5707.5 2.192570e+00
5708.5 2.190240e+00
5709.5 2.188370e+00
5710.5 2.160610e+00
5711.5 2.170780e+00
5712.5 2.148020e+00
5713.5 2.123450e+00
5714.5 2.096170e+00
5715.5 2.126080e+00
5716.5 2.179810e+00
5717.5 2.122980e+00
5718.5 2.156470e+00
5719.5 2.150900e+00
5720.5 2.136900e+00
5721.5 2.135950e+00
5722.5 2.160120e+00
5723.5 2.157490e+00
5724.5 2.167020e+00
5725.5 2.165320e+00
5726.5 2.151130e+00
5727.5 2.163770e+00
5728.5 2.117160e+00
5729.5 2.118290e+00
5730.5 2.156150e+00
5731.5 2.127960e+00
5732.5 2.152150e+00
5733.5 2.054470e+00
5734.5 2.150970e+00
5735.5 2.093200e+00
5736.5 2.117610e+00
5737.5 2.109000e+00
5738.5 2.146120e+00
5739.5 2.139440e+00
5740.5 2.090480e+00
5741.5 2.142710e+00
5742.5 2.141380e+00
5743.5 2.139350e+00
5744.5 2.138090e+00
5745.5 2.099040e+00
5746.5 2.095030e+00
5747.5 2.132360e+00
5748.5 2.093870e+00
5749.5 2.129080e+00
5750.5 2.128380e+00
5751.5 2.116430e+00
5752.5 2.123720e+00
5753.5 2.036940e+00
5754.5 2.109750e+00
5755.5 2.013270e+00
5756.5 2.116230e+00
5757.5 2.103450e+00
5758.5 2.066650e+00
5759.5 2.114060e+00
5760.5 2.114840e+00
5761.5 2.070200e+00
5762.5 2.111860e+00
5763.5 2.096200e+00
5764.5 2.063920e+00
5765.5 2.069090e+00
5766.5 2.107190e+00
5767.5 2.103100e+00
5768.5 2.104720e+00
5769.5 2.096690e+00
5770.5 2.092570e+00
5771.5 2.099740e+00
5772.5 2.039680e+00
5773.5 2.054380e+00
5774.5 2.053750e+00
5775.5 2.090020e+00
5776.5 2.058540e+00
5777.5 2.031570e+00
5778.5 2.062890e+00
5779.5 2.068650e+00
5780.5 2.084320e+00
5781.5 2.081110e+00
5782.5 2.080600e+00
5783.5 2.022640e+00
5784.5 2.072650e+00
5785.5 2.079540e+00
5786.5 2.078080e+00
5787.5 2.070170e+00
5788.5 2.063830e+00
5789.5 2.074200e+00
5790.5 2.040850e+00
5791.5 2.072190e+00
5792.5 2.020800e+00
5793.5 1.987400e+00
5794.5 2.064520e+00
5795.5 2.030770e+00
5796.5 1.991850e+00
5797.5 2.062890e+00
5798.5 2.060790e+00
5799.5 2.059820e+00
5800.5 2.023940e+00
5801.5 2.026890e+00
5802.5 2.056940e+00
5803.5 2.055060e+00
5804.5 2.053800e+00
5805.5 2.051520e+00
5806.5 2.047890e+00
5807.5 2.045840e+00
5808.5 2.015000e+00
5809.5 2.041060e+00
5810.5 2.026570e+00
5811.5 2.030270e+00
5812.5 1.971230e+00
5813.5 2.005890e+00
5814.5 2.003880e+00
5815.5 1.994360e+00
5816.5 2.037450e+00
5817.5 2.002440e+00
5818.5 2.003500e+00
5819.5 2.032860e+00
5820.5 1.993030e+00
5821.5 2.031300e+00
5822.5 2.027950e+00
5823.5 2.022060e+00
5824.5 2.027200e+00
5825.5 2.024280e+00
5826.5 2.007040e+00
5827.5 1.980890e+00
5828.5 2.017920e+00
5829.5 1.992410e+00
5830.5 2.008540e+00
5831.5 2.015920e+00
5832.5 2.014530e+00
5833.5 1.957430e+00
5834.5 2.004100e+00
5835.5 1.943700e+00
5836.5 1.986390e+00
5837.5 2.003120e+00
5838.5 1.999310e+00
5839.5 1.951690e+00
5840.5 2.005420e+00
5841.5 2.004070e+00
5842.5 1.999340e+00
5843.5 1.971300e+00
5844.5 1.998980e+00
5845.5 1.969690e+00
5846.5 1.986490e+00
5847.5 1.969360e+00
5848.5 1.989670e+00
5849.5 1.989080e+00
5850.5 1.991520e+00
5851.5 1.988060e+00
5852.5 1.986920e+00
5853.5 1.912710e+00
5854.5 1.928900e+00
5855.5 1.976830e+00
5856.5 1.955190e+00
5857.5 1.982090e+00
5858.5 1.950760e+00
5859.5 1.966330e+00
5860.5 1.930060e+00
5861.5 1.977090e+00
5862.5 1.965410e+00
5863.5 1.968480e+00
5864.5 1.939340e+00
5865.5 1.958230e+00
5866.5 1.966430e+00
5867.5 1.965290e+00
5868.5 1.943300e+00
5869.5 1.961620e+00
5870.5 1.938310e+00
5871.5 1.961830e+00
5872.5 1.941610e+00
5873.5 1.927030e+00
5874.5 1.893890e+00
5875.5 1.957010e+00
5876.5 1.942540e+00
5877.5 1.907880e+00
5878.5 1.909840e+00
5879.5 1.950310e+00
5880.5 1.951610e+00
5881.5 1.949590e+00
5882.5 1.896300e+00
5883.5 1.909740e+00
5884.5 1.946580e+00
5885.5 1.944580e+00
5886.5 1.942170e+00
5887.5 1.941710e+00
5888.5 1.940380e+00
5889.5 1.932560e+00
5890.5 1.936390e+00
5891.5 1.912390e+00
5892.5 1.927250e+00
5893.5 1.908640e+00
5894.5 1.854350e+00
5895.5 1.882010e+00
5896.5 1.928850e+00
5897.5 1.896990e+00
5898.5 1.890930e+00
5899.5 1.919300e+00
5900.5 1.912550e+00
5901.5 1.915290e+00
5902.5 1.898200e+00
5903.5 1.920230e+00
5904.5 1.892090e+00
5905.5 1.912750e+00
5906.5 1.911020e+00
5907.5 1.904800e+00
5908.5 1.909100e+00
5909.5 1.888370e+00
5910.5 1.892170e+00
5911.5 1.909220e+00
5912.5 1.909020e+00
5913.5 1.893630e+00
5914.5 1.874240e+00
5915.5 1.873550e+00
5916.5 1.872910e+00
5917.5 1.877920e+00
5918.5 1.903170e+00
5919.5 1.883200e+00
5920.5 1.872360e+00
5921.5 1.897960e+00
5922.5 1.870420e+00
5923.5 1.895370e+00
5924.5 1.893790e+00
5925.5 1.892920e+00
5926.5 1.865200e+00
5927.5 1.874700e+00
5928.5 1.868360e+00
5929.5 1.887690e+00
5930.5 1.877210e+00
5931.5 1.876500e+00
5932.5 1.885490e+00
5933.5 1.883570e+00
5934.5 1.879770e+00
5935.5 1.805390e+00
5936.5 1.881050e+00
5937.5 1.833660e+00
5938.5 1.852790e+00
5939.5 1.876220e+00
5940.5 1.874560e+00
5941.5 1.851110e+00
5942.5 1.844700e+00
5943.5 1.871890e+00
5944.5 1.856260e+00
5945.5 1.866010e+00
5946.5 1.866220e+00
5947.5 1.822300e+00
5948.5 1.828200e+00
5949.5 1.847970e+00
5950.5 1.862870e+00
5951.5 1.858530e+00
5952.5 1.843410e+00
5953.5 1.854960e+00
5954.5 1.858520e+00
5955.5 1.858640e+00
5956.5 1.807010e+00
5957.5 1.813940e+00
5958.5 1.854620e+00
5959.5 1.825050e+00
5960.5 1.852170e+00
5961.5 1.822650e+00
5962.5 1.840110e+00
5963.5 1.840030e+00
5964.5 1.820570e+00
5965.5 1.845450e+00
5966.5 1.844440e+00
5967.5 1.814060e+00
5968.5 1.841080e+00
5969.5 1.838450e+00
5970.5 1.840960e+00
5971.5 1.818380e+00
5972.5 1.835740e+00
5973.5 1.837150e+00
5974.5 1.836570e+00
5975.5 1.819880e+00
5976.5 1.834270e+00
5977.5 1.803610e+00
5978.5 1.777460e+00
5979.5 1.826830e+00
5980.5 1.809980e+00
5981.5 1.778360e+00
5982.5 1.827290e+00
5983.5 1.826200e+00
5984.5 1.824410e+00
5985.5 1.806110e+00
5986.5 1.801640e+00
5987.5 1.805280e+00
5988.5 1.818140e+00
5989.5 1.801590e+00
5990.5 1.815310e+00
5991.5 1.814640e+00
5992.5 1.814170e+00
5993.5 1.811280e+00
5994.5 1.779210e+00
5995.5 1.805130e+00
5996.5 1.803300e+00
5997.5 1.808890e+00
5998.5 1.776270e+00
5999.5 1.785620e+00
6000.5 1.781960e+00
6001.5 1.781880e+00
6002.5 1.804330e+00
6003.5 1.778270e+00
6004.5 1.788120e+00
6005.5 1.801080e+00
6006.5 1.780300e+00
6007.5 1.796590e+00
6008.5 1.797690e+00
6009.5 1.769600e+00
6010.5 1.793560e+00
6011.5 1.794300e+00
6012.5 1.793170e+00
6013.5 1.770400e+00
6014.5 1.760360e+00
6015.5 1.787780e+00
6016.5 1.778640e+00
6017.5 1.764190e+00
6018.5 1.784710e+00
6019.5 1.783160e+00
6020.5 1.747020e+00
6021.5 1.781210e+00
6022.5 1.736310e+00
6023.5 1.768060e+00
6024.5 1.779670e+00
6025.5 1.775890e+00
6026.5 1.738480e+00
6027.5 1.775270e+00
6028.5 1.774140e+00
6029.5 1.773060e+00
6030.5 1.765830e+00
6031.5 1.758750e+00
6032.5 1.746350e+00
6033.5 1.749570e+00
6034.5 1.763030e+00
6035.5 1.754000e+00
6036.5 1.764220e+00
6037.5 1.762690e+00
6038.5 1.764040e+00
6039.5 1.762560e+00
6040.5 1.755210e+00
6041.5 1.700060e+00
6042.5 1.745060e+00
6043.5 1.735390e+00
6044.5 1.734990e+00
6045.5 1.756280e+00
6046.5 1.755000e+00
6047.5 1.735410e+00
6048.5 1.735880e+00
6049.5 1.721550e+00
6050.5 1.748280e+00
6051.5 1.745620e+00
6052.5 1.746170e+00
6053.5 1.730310e+00
6054.5 1.745950e+00
6055.5 1.724740e+00
6056.5 1.744100e+00
6057.5 1.740150e+00
6058.5 1.741530e+00
6059.5 1.740100e+00
6060.5 1.734390e+00
6061.5 1.695800e+00
6062.5 1.717030e+00
6063.5 1.714070e+00
6064.5 1.700300e+00
6065.5 1.732140e+00
6066.5 1.707870e+00
6067.5 1.702590e+00
6068.5 1.724310e+00
6069.5 1.728420e+00
6070.5 1.726540e+00
6071.5 1.710830e+00
6072.5 1.710010e+00
6073.5 1.710060e+00
6074.5 1.723890e+00
6075.5 1.721470e+00
6076.5 1.722080e+00
6077.5 1.720990e+00
6078.5 1.718520e+00
6079.5 1.698620e+00
6080.5 1.717200e+00
6081.5 1.704860e+00
6082.5 1.715540e+00
6083.5 1.708240e+00
6084.5 1.693310e+00
6085.5 1.669570e+00
6086.5 1.680500e+00
6087.5 1.709370e+00
6088.5 1.682550e+00
6089.5 1.686960e+00
6090.5 1.696730e+00
6091.5 1.649680e+00
6092.5 1.702090e+00
6093.5 1.689440e+00
6094.5 1.696430e+00
6095.5 1.679880e+00
6096.5 1.698880e+00
6097.5 1.697410e+00
6098.5 1.697110e+00
6099.5 1.692360e+00
6100.5 1.666030e+00
6101.5 1.631170e+00
6102.5 1.682670e+00
6103.5 1.678160e+00
6104.5 1.684320e+00
6105.5 1.690240e+00
6106.5 1.649450e+00
6107.5 1.679670e+00
6108.5 1.662320e+00
6109.5 1.667880e+00
6110.5 1.683780e+00
6111.5 1.671710e+00
6112.5 1.643520e+00
6113.5 1.671300e+00
6114.5 1.665210e+00
6115.5 1.677850e+00
6116.5 1.678650e+00
6117.5 1.677330e+00
6118.5 1.657240e+00
6119.5 1.672690e+00
6120.5 1.668860e+00
6121.5 1.663530e+00
6122.5 1.672190e+00
6123.5 1.663580e+00
6124.5 1.670040e+00
6125.5 1.668420e+00
6126.5 1.662290e+00
6127.5 1.618560e+00
6128.5 1.632910e+00
6129.5 1.662270e+00
6130.5 1.638530e+00
6131.5 1.643810e+00
6132.5 1.661190e+00
6133.5 1.659640e+00
6134.5 1.649000e+00
6135.5 1.639090e+00
6136.5 1.656680e+00
6137.5 1.639250e+00
6138.5 1.650680e+00
6139.5 1.654040e+00
6140.5 1.651110e+00
6141.5 1.642420e+00
6142.5 1.624550e+00
6143.5 1.648590e+00
6144.5 1.648820e+00
6145.5 1.647480e+00
6146.5 1.646160e+00
6147.5 1.644300e+00
6148.5 1.644070e+00
6149.5 1.643580e+00
6150.5 1.623020e+00
6151.5 1.611210e+00
6152.5 1.629890e+00
6153.5 1.635710e+00
6154.5 1.625900e+00
6155.5 1.624190e+00
6156.5 1.635790e+00
6157.5 1.631990e+00
6158.5 1.627930e+00
6159.5 1.616360e+00
6160.5 1.632120e+00
6161.5 1.629960e+00
6162.5 1.610280e+00
6163.5 1.629020e+00
6164.5 1.626830e+00
6165.5 1.626030e+00
6166.5 1.610370e+00
6167.5 1.624890e+00
6168.5 1.623860e+00
6169.5 1.622840e+00
6170.5 1.614610e+00
6171.5 1.620780e+00
6172.5 1.604990e+00
6173.5 1.587750e+00
6174.5 1.611890e+00
6175.5 1.593670e+00
6176.5 1.613950e+00
6177.5 1.587240e+00
6178.5 1.613610e+00
6179.5 1.612230e+00
6180.5 1.611600e+00
6181.5 1.603250e+00
6182.5 1.585320e+00
6183.5 1.607610e+00
6184.5 1.607500e+00
6185.5 1.605800e+00
6186.5 1.605520e+00
6187.5 1.592920e+00
6188.5 1.602680e+00
6189.5 1.602500e+00
6190.5 1.580630e+00
6191.5 1.598330e+00
6192.5 1.596760e+00
6193.5 1.596820e+00
6194.5 1.596400e+00
6195.5 1.568780e+00
6196.5 1.581360e+00
6197.5 1.594160e+00
6198.5 1.583660e+00
6199.5 1.589730e+00
6200.5 1.567600e+00
6201.5 1.585050e+00
6202.5 1.589490e+00
6203.5 1.581170e+00
6204.5 1.586290e+00
6205.5 1.585640e+00
6206.5 1.571330e+00
6207.5 1.582840e+00
6208.5 1.582420e+00
6209.5 1.577350e+00
6210.5 1.579720e+00
6211.5 1.572600e+00
6212.5 1.570680e+00
6213.5 1.578570e+00
6214.5 1.574370e+00
6215.5 1.559760e+00
6216.5 1.575530e+00
6217.5 1.555760e+00
6218.5 1.572440e+00
6219.5 1.569310e+00
6220.5 1.540600e+00
6221.5 1.501200e+00
6222.5 1.553670e+00
6223.5 1.566260e+00
6224.5 1.552230e+00
6225.5 1.550780e+00
6226.5 1.565730e+00
6227.5 1.564760e+00
6228.5 1.563490e+00
6229.5 1.558770e+00
6230.5 1.559480e+00
6231.5 1.543210e+00
6232.5 1.554800e+00
6233.5 1.554770e+00
6234.5 1.557350e+00
6235.5 1.555740e+00
6236.5 1.555860e+00
6237.5 1.554650e+00
6238.5 1.544310e+00
6239.5 1.550170e+00
6240.5 1.511900e+00
6241.5 1.543070e+00
6242.5 1.478340e+00
6243.5 1.516440e+00
6244.5 1.546610e+00
6245.5 1.545670e+00
6246.5 1.538710e+00
6247.5 1.542780e+00
6248.5 1.527740e+00
6249.5 1.542500e+00
6250.5 1.540630e+00
6251.5 1.528300e+00
6252.5 1.538730e+00
6253.5 1.531150e+00
6254.5 1.538460e+00
6255.5 1.524400e+00
6256.5 1.536500e+00
6257.5 1.534070e+00
6258.5 1.534030e+00
6259.5 1.530190e+00
6260.5 1.513260e+00
6261.5 1.529840e+00
6262.5 1.525500e+00
6263.5 1.519470e+00
6264.5 1.506650e+00
6265.5 1.515410e+00
6266.5 1.524510e+00
6267.5 1.513950e+00
6268.5 1.514920e+00
6269.5 1.523960e+00
6270.5 1.522650e+00
6271.5 1.521490e+00
6272.5 1.509520e+00
6273.5 1.517080e+00
6274.5 1.513150e+00
6275.5 1.512480e+00
6276.5 1.486550e+00
6277.5 1.515190e+00
6278.5 1.515240e+00
6279.5 1.514360e+00
6280.5 1.502140e+00
6281.5 1.512040e+00
6282.5 1.506940e+00
6283.5 1.509590e+00
6284.5 1.508400e+00
6285.5 1.506050e+00
6286.5 1.492200e+00
6287.5 1.493130e+00
6288.5 1.504510e+00
6289.5 1.504870e+00
6290.5 1.480660e+00
6291.5 1.492280e+00
6292.5 1.499760e+00
6293.5 1.495370e+00
6294.5 1.498460e+00
6295.5 1.494600e+00
6296.5 1.496140e+00
6297.5 1.486800e+00
6298.5 1.492260e+00
6299.5 1.494650e+00
6300.5 1.494120e+00
6301.5 1.493050e+00
6302.5 1.481860e+00
6303.5 1.470600e+00
6304.5 1.487150e+00
6305.5 1.479100e+00
6306.5 1.488570e+00
6307.5 1.486200e+00
6308.5 1.486210e+00
6309.5 1.471900e+00
6310.5 1.485150e+00
6311.5 1.469610e+00
6312.5 1.478210e+00
6313.5 1.482340e+00
6314.5 1.478850e+00
6315.5 1.469960e+00
6316.5 1.469150e+00
6317.5 1.468110e+00
6318.5 1.474720e+00
6319.5 1.477020e+00
6320.5 1.476140e+00
6321.5 1.475230e+00
6322.5 1.464940e+00
6323.5 1.470610e+00
6324.5 1.470700e+00
6325.5 1.469590e+00
6326.5 1.470700e+00
6327.5 1.467120e+00
6328.5 1.468340e+00
6329.5 1.459560e+00
6330.5 1.466890e+00
6331.5 1.456060e+00
6332.5 1.452580e+00
6333.5 1.463950e+00
6334.5 1.458500e+00
6335.5 1.452610e+00
6336.5 1.461720e+00
6337.5 1.460830e+00
6338.5 1.459930e+00
6339.5 1.455180e+00
6340.5 1.449730e+00
6341.5 1.457260e+00
6342.5 1.445630e+00
6343.5 1.453830e+00
6344.5 1.449280e+00
6345.5 1.453130e+00
6346.5 1.449750e+00
6347.5 1.441800e+00
6348.5 1.450360e+00
6349.5 1.450120e+00
6350.5 1.448650e+00
6351.5 1.448100e+00
6352.5 1.446960e+00
6353.5 1.446180e+00
6354.5 1.443640e+00
6355.5 1.430780e+00
6356.5 1.429190e+00
6357.5 1.437800e+00
6358.5 1.441560e+00
6359.5 1.434390e+00
6360.5 1.439210e+00
6361.5 1.389610e+00
6362.5 1.433260e+00
6363.5 1.437260e+00
6364.5 1.435960e+00
6365.5 1.428780e+00
6366.5 1.435230e+00
6367.5 1.434340e+00
6368.5 1.420750e+00
6369.5 1.432070e+00
6370.5 1.431060e+00
6371.5 1.425170e+00
6372.5 1.422470e+00
6373.5 1.427980e+00
6374.5 1.427960e+00
6375.5 1.427300e+00
6376.5 1.426260e+00
6377.5 1.423410e+00
6378.5 1.424530e+00
6379.5 1.418580e+00
6380.5 1.412840e+00
6381.5 1.421480e+00
6382.5 1.407740e+00
6383.5 1.417360e+00
6384.5 1.401680e+00
6385.5 1.418700e+00
6386.5 1.417830e+00
6387.5 1.416970e+00
6388.5 1.413930e+00
6389.5 1.414430e+00
6390.5 1.406030e+00
6391.5 1.413500e+00
6392.5 1.411710e+00
6393.5 1.410040e+00
6394.5 1.398710e+00
6395.5 1.402060e+00
6396.5 1.408400e+00
6397.5 1.407580e+00
6398.5 1.396050e+00
6399.5 1.404500e+00
6400.5 1.405030e+00
6401.5 1.404460e+00
6402.5 1.403130e+00
6403.5 1.394720e+00
6404.5 1.400970e+00
6405.5 1.397060e+00
6406.5 1.397140e+00
6407.5 1.399750e+00
6408.5 1.398900e+00
6409.5 1.381270e+00
6410.5 1.396150e+00
6411.5 1.396230e+00
6412.5 1.392790e+00
6413.5 1.394210e+00
6414.5 1.393780e+00
6415.5 1.386490e+00
6416.5 1.391460e+00
6417.5 1.391220e+00
6418.5 1.389990e+00
6419.5 1.388970e+00
6420.5 1.385870e+00
6421.5 1.387640e+00
6422.5 1.379770e+00
6423.5 1.384860e+00
6424.5 1.378400e+00
6425.5 1.383800e+00
6426.5 1.380200e+00
6427.5 1.375810e+00
6428.5 1.381800e+00
6429.5 1.374090e+00
6430.5 1.379270e+00
6431.5 1.378920e+00
6432.5 1.378320e+00
6433.5 1.377530e+00
6434.5 1.369600e+00
6435.5 1.371120e+00
6436.5 1.373930e+00
6437.5 1.369140e+00
6438.5 1.373310e+00
6439.5 1.371260e+00
6440.5 1.371600e+00
6441.5 1.364970e+00
6442.5 1.368430e+00
6443.5 1.368560e+00
6444.5 1.366760e+00
6445.5 1.367360e+00
6446.5 1.366320e+00
6447.5 1.357830e+00
6448.5 1.364390e+00
6449.5 1.357210e+00
6450.5 1.363360e+00
6451.5 1.349810e+00
6452.5 1.360540e+00
6453.5 1.358600e+00
6454.5 1.354670e+00
6455.5 1.356130e+00
6456.5 1.357810e+00
6457.5 1.355370e+00
6458.5 1.354970e+00
6459.5 1.351950e+00
6460.5 1.353150e+00
6461.5 1.354420e+00
6462.5 1.347540e+00
6463.5 1.351950e+00
6464.5 1.349970e+00
6465.5 1.345060e+00
6466.5 1.350320e+00
6467.5 1.344150e+00
6468.5 1.348650e+00
6469.5 1.347440e+00
6470.5 1.344430e+00
6471.5 1.343110e+00
6472.5 1.343920e+00
6473.5 1.301610e+00
6474.5 1.340560e+00
6475.5 1.339950e+00
6476.5 1.336080e+00
6477.5 1.331680e+00
6478.5 1.340000e+00
6479.5 1.336100e+00
6480.5 1.336620e+00
6481.5 1.337460e+00
6482.5 1.337060e+00
6483.5 1.332910e+00
6484.5 1.329980e+00
6485.5 1.285030e+00
6486.5 1.314390e+00
6487.5 1.330980e+00
6488.5 1.331990e+00
6489.5 1.331160e+00
6490.5 1.324800e+00
6491.5 1.330020e+00
6492.5 1.329250e+00
6493.5 1.322010e+00
6494.5 1.322350e+00
6495.5 1.326150e+00
6496.5 1.324540e+00
6497.5 1.325290e+00
6498.5 1.323280e+00
6499.5 1.319760e+00
6500.5 1.318470e+00
6501.5 1.313020e+00
6502.5 1.320520e+00
6503.5 1.318350e+00
6504.5 1.310310e+00
6505.5 1.312910e+00
6506.5 1.317690e+00
6507.5 1.316400e+00
6508.5 1.316570e+00
6509.5 1.314530e+00
6510.5 1.313930e+00
6511.5 1.309840e+00
6512.5 1.311300e+00
6513.5 1.312220e+00
6514.5 1.311840e+00
6515.5 1.311070e+00
6516.5 1.309730e+00
6517.5 1.305050e+00
6518.5 1.307390e+00
6519.5 1.307540e+00
6520.5 1.303070e+00
6521.5 1.306350e+00
6522.5 1.302040e+00
6523.5 1.304820e+00
6524.5 1.299560e+00
6525.5 1.303150e+00
6526.5 1.299330e+00
6527.5 1.299810e+00
6528.5 1.300930e+00
6529.5 1.299360e+00
6530.5 1.299020e+00
6531.5 1.294120e+00
6532.5 1.293090e+00
6533.5 1.292620e+00
6534.5 1.296130e+00
6535.5 1.295300e+00
6536.5 1.294690e+00
6537.5 1.293920e+00
6538.5 1.289150e+00
6539.5 1.290380e+00
6540.5 1.290370e+00
6541.5 1.288510e+00
6542.5 1.290120e+00
6543.5 1.288390e+00
6544.5 1.288580e+00
6545.5 1.283100e+00
6546.5 1.287050e+00
6547.5 1.282430e+00
6548.5 1.285020e+00
6549.5 1.280580e+00
6550.5 1.279150e+00
6551.5 1.278440e+00
6552.5 1.279860e+00
6553.5 1.281710e+00
6554.5 1.280540e+00
6555.5 1.280160e+00
6556.5 1.277790e+00
6557.5 1.275350e+00
6558.5 1.277900e+00
6559.5 1.272730e+00
6560.5 1.276080e+00
6561.5 1.271760e+00
6562.5 1.274670e+00
6563.5 1.272970e+00
6564.5 1.270570e+00
6565.5 1.271760e+00
6566.5 1.271850e+00
6567.5 1.270720e+00
6568.5 1.269780e+00
6569.5 1.267700e+00
6570.5 1.268410e+00
6571.5 1.266030e+00
6572.5 1.267340e+00
6573.5 1.261110e+00
6574.5 1.262590e+00
6575.5 1.260520e+00
6576.5 1.263560e+00
6577.5 1.261400e+00
6578.5 1.262810e+00
6579.5 1.260860e+00
6580.5 1.257800e+00
6581.5 1.260200e+00
6582.5 1.259560e+00
6583.5 1.255680e+00
6584.5 1.258280e+00
6585.5 1.257250e+00
6586.5 1.255390e+00
6587.5 1.252340e+00
6588.5 1.254910e+00
6589.5 1.254580e+00
6590.5 1.249630e+00
6591.5 1.251340e+00
6592.5 1.250920e+00
6593.5 1.251700e+00
6594.5 1.250960e+00
6595.5 1.250220e+00
6596.5 1.248800e+00
6597.5 1.248750e+00
6598.5 1.246370e+00
6599.5 1.245680e+00
6600.5 1.243820e+00
6601.5 1.244560e+00
6602.5 1.236930e+00
6603.5 1.242300e+00
6604.5 1.240070e+00
6605.5 1.241320e+00
6606.5 1.241940e+00
6607.5 1.240460e+00
6608.5 1.240020e+00
6609.5 1.236180e+00
6610.5 1.236280e+00
6611.5 1.237780e+00
6612.5 1.237730e+00
6613.5 1.237020e+00
6614.5 1.236300e+00
6615.5 1.232380e+00
6616.5 1.234100e+00
6617.5 1.233490e+00
6618.5 1.232810e+00
6619.5 1.226420e+00
6620.5 1.231520e+00
6621.5 1.229800e+00
6622.5 1.230220e+00
6623.5 1.227410e+00
6624.5 1.223790e+00
6625.5 1.226440e+00
6626.5 1.226880e+00
6627.5 1.223550e+00
6628.5 1.225270e+00
6629.5 1.224510e+00
6630.5 1.219340e+00
6631.5 1.219350e+00
6632.5 1.223260e+00
6633.5 1.220470e+00
6634.5 1.221690e+00
6635.5 1.217460e+00
6636.5 1.220210e+00
6637.5 1.216920e+00
6638.5 1.217780e+00
6639.5 1.214960e+00
6640.5 1.217490e+00
6641.5 1.212530e+00
6642.5 1.215800e+00
6643.5 1.215360e+00
6644.5 1.211900e+00
6645.5 1.213600e+00
6646.5 1.212250e+00
6647.5 1.210870e+00
6648.5 1.211780e+00
6649.5 1.205990e+00
6650.5 1.210350e+00
6651.5 1.209620e+00
6652.5 1.205300e+00
6653.5 1.207060e+00
6654.5 1.207500e+00
6655.5 1.206780e+00
6656.5 1.204410e+00
6657.5 1.202380e+00
6658.5 1.203250e+00
6659.5 1.202210e+00
6660.5 1.199490e+00
6661.5 1.200920e+00
6662.5 1.201120e+00
6663.5 1.199870e+00
6664.5 1.198310e+00
6665.5 1.198670e+00
6666.5 1.198590e+00
6667.5 1.197780e+00
6668.5 1.197560e+00
6669.5 1.195500e+00
6670.5 1.195300e+00
6671.5 1.194620e+00
6672.5 1.194740e+00
6673.5 1.191020e+00
6674.5 1.191620e+00
6675.5 1.188930e+00
6676.5 1.190240e+00
6677.5 1.191130e+00
6678.5 1.189000e+00
6679.5 1.187410e+00
6680.5 1.189090e+00
6681.5 1.187360e+00
6682.5 1.186330e+00
6683.5 1.186820e+00
6684.5 1.184300e+00
6685.5 1.185570e+00
6686.5 1.184450e+00
6687.5 1.181920e+00
6688.5 1.182960e+00
6689.5 1.182360e+00
6690.5 1.179760e+00
6691.5 1.181380e+00
6692.5 1.177760e+00
6693.5 1.178560e+00
6694.5 1.177120e+00
6695.5 1.178230e+00
6696.5 1.177680e+00
6697.5 1.176900e+00
6698.5 1.175430e+00
6699.5 1.169270e+00
6700.5 1.161290e+00
6701.5 1.171570e+00
6702.5 1.171170e+00
6703.5 1.170930e+00
6704.5 1.172220e+00
6705.5 1.169530e+00
6706.5 1.170840e+00
6707.5 1.170250e+00
6708.5 1.169570e+00
6709.5 1.166530e+00
6710.5 1.164550e+00
6711.5 1.165920e+00
6712.5 1.166360e+00
6713.5 1.166120e+00
6714.5 1.165430e+00
6715.5 1.164740e+00
6716.5 1.162050e+00
6717.5 1.163370e+00
6718.5 1.162680e+00
6719.5 1.161980e+00
6720.5 1.156730e+00
6721.5 1.158560e+00
6722.5 1.158410e+00
6723.5 1.159060e+00
6724.5 1.156810e+00
6725.5 1.157360e+00
6726.5 1.156120e+00
6727.5 1.155320e+00
6728.5 1.154570e+00
6729.5 1.154190e+00
6730.5 1.153350e+00
6731.5 1.151220e+00
6732.5 1.148230e+00
6733.5 1.152400e+00
6734.5 1.151410e+00
6735.5 1.150700e+00
6736.5 1.149870e+00
6737.5 1.149630e+00
6738.5 1.149090e+00
6739.5 1.146960e+00
6740.5 1.145650e+00
6741.5 1.146480e+00
6742.5 1.146390e+00
6743.5 1.145730e+00
6744.5 1.145060e+00
6745.5 1.142970e+00
6746.5 1.142940e+00
6747.5 1.142300e+00
6748.5 1.141380e+00
6749.5 1.139790e+00
6750.5 1.138830e+00
6751.5 1.139520e+00
6752.5 1.137910e+00
6753.5 1.138980e+00
6754.5 1.134080e+00
6755.5 1.109850e+00
6756.5 1.135950e+00
6757.5 1.136150e+00
6758.5 1.135750e+00
6759.5 1.133940e+00
6760.5 1.134120e+00
6761.5 1.131820e+00
6762.5 1.131210e+00
6763.5 1.130920e+00
6764.5 1.130330e+00
6765.5 1.130900e+00
6766.5 1.130370e+00
6767.5 1.128550e+00
6768.5 1.128710e+00
6769.5 1.128020e+00
6770.5 1.127730e+00
6771.5 1.125300e+00
6772.5 1.126120e+00
6773.5 1.125770e+00
6774.5 1.124990e+00
6775.5 1.122980e+00
6776.5 1.123980e+00
6777.5 1.122150e+00
6778.5 1.122130e+00
6779.5 1.121030e+00
6780.5 1.119230e+00
6781.5 1.118420e+00
6782.5 1.119520e+00
6783.5 1.119160e+00
6784.5 1.118080e+00
6785.5 1.116610e+00
6786.5 1.115610e+00
6787.5 1.114020e+00
6788.5 1.114800e+00
6789.5 1.115470e+00
6790.5 1.113390e+00
6791.5 1.114390e+00
6792.5 1.112120e+00
6793.5 1.112930e+00
6794.5 1.111100e+00
6795.5 1.110690e+00
6796.5 1.111180e+00
6797.5 1.110380e+00
6798.5 1.109440e+00
6799.5 1.109310e+00
6800.5 1.108680e+00
6801.5 1.107680e+00
6802.5 1.106300e+00
6803.5 1.106280e+00
6804.5 1.105520e+00
6805.5 1.102780e+00
6806.5 1.102740e+00
6807.5 1.104020e+00
6808.5 1.102570e+00
6809.5 1.101770e+00
6810.5 1.098460e+00
6811.5 1.097120e+00
6812.5 1.093120e+00
6813.5 1.100200e+00
6814.5 1.099870e+00
6815.5 1.097870e+00
6816.5 1.098640e+00
6817.5 1.098000e+00
6818.5 1.096230e+00
6819.5 1.095790e+00
6820.5 1.093360e+00
6821.5 1.094350e+00
6822.5 1.094390e+00
6823.5 1.092660e+00
6824.5 1.092600e+00
6825.5 1.093040e+00
6826.5 1.092130e+00
6827.5 1.090670e+00
6828.5 1.089890e+00
6829.5 1.089720e+00
6830.5 1.089770e+00
6831.5 1.088340e+00
6832.5 1.087900e+00
6833.5 1.087560e+00
6834.5 1.086090e+00
6835.5 1.086780e+00
6836.5 1.083820e+00
6837.5 1.084610e+00
6838.5 1.084940e+00
6839.5 1.082380e+00
6840.5 1.083630e+00
6841.5 1.082920e+00
6842.5 1.082430e+00
6843.5 1.080540e+00
6844.5 1.079280e+00
6845.5 1.080490e+00
6846.5 1.078980e+00
6847.5 1.078870e+00
6848.5 1.078160e+00
6849.5 1.078100e+00
6850.5 1.076280e+00
6851.5 1.076970e+00
6852.5 1.076270e+00
6853.5 1.073180e+00
6854.5 1.073650e+00
6855.5 1.074510e+00
6856.5 1.073890e+00
6857.5 1.073270e+00
6858.5 1.071220e+00
6859.5 1.068040e+00
6860.5 1.070680e+00
6861.5 1.070780e+00
6862.5 1.069570e+00
6863.5 1.069600e+00
6864.5 1.068990e+00
6865.5 1.066620e+00
6866.5 1.066330e+00
6867.5 1.065960e+00
6868.5 1.065890e+00
6869.5 1.064420e+00
6870.5 1.065170e+00
6871.5 1.064700e+00
6872.5 1.063480e+00
6873.5 1.061320e+00
6874.5 1.062860e+00
6875.5 1.060880e+00
6876.5 1.058980e+00
6877.5 1.060590e+00
6878.5 1.060290e+00
6879.5 1.059760e+00
6880.5 1.052130e+00
6881.5 1.058560e+00
6882.5 1.058020e+00
6883.5 1.056600e+00
6884.5 1.056710e+00
6885.5 1.055150e+00
6886.5 1.054270e+00
6887.5 1.054600e+00
6888.5 1.053490e+00
6889.5 1.053480e+00
6890.5 1.052530e+00
6891.5 1.052280e+00
6892.5 1.051000e+00
6893.5 1.050180e+00
6894.5 1.050600e+00
6895.5 1.049030e+00
6896.5 1.048160e+00
6897.5 1.048950e+00
6898.5 1.047330e+00
6899.5 1.046550e+00
6900.5 1.047130e+00
6901.5 1.046340e+00
6902.5 1.044120e+00
6903.5 1.045360e+00
6904.5 1.044590e+00
6905.5 1.044190e+00
6906.5 1.043600e+00
6907.5 1.042990e+00
6908.5 1.041260e+00
6909.5 1.041810e+00
6910.5 1.041220e+00
6911.5 1.039790e+00
6912.5 1.039340e+00
6913.5 1.038650e+00
6914.5 1.038540e+00
6915.5 1.038260e+00
6916.5 1.037290e+00
6917.5 1.036810e+00
6918.5 1.035820e+00
6919.5 1.035790e+00
6920.5 1.035000e+00
6921.5 1.034730e+00
6922.5 1.033480e+00
6923.5 1.033550e+00
6924.5 1.032970e+00
6925.5 1.032080e+00
6926.5 1.030970e+00
6927.5 1.031080e+00
6928.5 1.030440e+00
6929.5 1.029360e+00
6930.5 1.029470e+00
6931.5 1.028440e+00
6932.5 1.027560e+00
6933.5 1.027730e+00
6934.5 1.027120e+00
6935.5 1.026350e+00
6936.5 1.025840e+00
6937.5 1.025220e+00
6938.5 1.024820e+00
6939.5 1.024110e+00
6940.5 1.022800e+00
6941.5 1.023040e+00
6942.5 1.021830e+00
6943.5 1.021320e+00
6944.5 1.021240e+00
6945.5 1.019980e+00
6946.5 1.020250e+00
6947.5 1.018450e+00
6948.5 1.012870e+00
6949.5 1.018530e+00
6950.5 1.017170e+00
6951.5 1.016700e+00
6952.5 1.016460e+00
6953.5 1.016260e+00
6954.5 1.015520e+00
6955.5 1.014940e+00
6956.5 1.014560e+00
6957.5 1.013330e+00
6958.5 1.013160e+00
6959.5 1.011980e+00
6960.5 1.012270e+00
6961.5 1.010630e+00
6962.5 1.010990e+00
6963.5 1.010610e+00
6964.5 1.010050e+00
6965.5 1.009440e+00
6966.5 1.008280e+00
6967.5 1.007950e+00
6968.5 1.007710e+00
6969.5 1.006910e+00
6970.5 1.006490e+00
6971.5 1.005770e+00
6972.5 1.005530e+00
6973.5 1.003110e+00
6974.5 1.003760e+00
6975.5 1.003900e+00
6976.5 1.003350e+00
6977.5 1.002700e+00
6978.5 9.999330e-01
6979.5 1.001610e+00
6980.5 1.000420e+00
6981.5 1.000050e+00
6982.5 9.999780e-01
6983.5 9.983470e-01
6984.5 9.987570e-01
6985.5 9.983600e-01
6986.5 9.975070e-01
6987.5 9.972070e-01
6988.5 9.960350e-01
6989.5 9.953290e-01
6990.5 9.955770e-01
6991.5 9.944730e-01
6992.5 9.945240e-01
6993.5 9.932240e-01
6994.5 9.928060e-01
6995.5 9.925070e-01
6996.5 9.920540e-01
6997.5 9.914010e-01
6998.5 9.910690e-01
6999.5 9.901470e-01
7000.5 9.898710e-01
7001.5 9.896020e-01
7002.5 9.890410e-01
7003.5 9.881840e-01
7004.5 9.870880e-01
7005.5 9.874250e-01
7006.5 9.862510e-01
7007.5 9.855160e-01
7008.5 9.828790e-01
7009.5 9.850640e-01
7010.5 9.846890e-01
7011.5 9.837440e-01
7012.5 9.831570e-01
7013.5 9.759050e-01
7014.5 9.814200e-01
7015.5 9.809680e-01
7016.5 9.614540e-01
7017.5 9.711680e-01
7018.5 9.794600e-01
7019.5 9.796710e-01
7020.5 9.786450e-01
7021.5 9.782600e-01
7022.5 9.738770e-01
7023.5 9.498940e-01
7024.5 9.740280e-01
7025.5 9.759590e-01
7026.5 9.749870e-01
7027.5 9.755210e-01
7028.5 9.744020e-01
7029.5 9.745150e-01
7030.5 9.736750e-01
7031.5 9.729660e-01
7032.5 9.725950e-01
7033.5 9.724120e-01
7034.5 9.713240e-01
7035.5 9.709110e-01
7036.5 9.705690e-01
7037.5 9.702800e-01
7038.5 9.692880e-01
7039.5 9.692580e-01
7040.5 9.687350e-01
7041.5 9.672570e-01
7042.5 9.676900e-01
7043.5 9.671690e-01
7044.5 9.666480e-01
7045.5 9.661280e-01
7046.5 9.656090e-01
7047.5 9.650910e-01
7048.5 9.645730e-01
7049.5 9.635040e-01
7050.5 9.634270e-01
7051.5 9.628110e-01
7052.5 9.618930e-01
7053.5 9.615800e-01
7054.5 9.614810e-01
7055.5 9.609610e-01
7056.5 9.604560e-01
7057.5 9.597480e-01
7058.5 9.594330e-01
7059.5 9.584430e-01
7060.5 9.582160e-01
7061.5 9.579050e-01
7062.5 9.570110e-01
7063.5 9.564190e-01
7064.5 9.563350e-01
7065.5 9.558510e-01
7066.5 9.551920e-01
7067.5 9.542120e-01
7068.5 9.525990e-01
7069.5 9.415260e-01
7070.5 9.532270e-01
7071.5 9.523170e-01
7072.5 9.515270e-01
7073.5 9.516840e-01
7074.5 9.513260e-01
7075.5 9.501390e-01
7076.5 9.503340e-01
7077.5 9.498320e-01
7078.5 9.493040e-01
7079.5 9.484710e-01
7080.5 9.470490e-01
7081.5 9.478100e-01
7082.5 9.473290e-01
7083.5 9.462280e-01
7084.5 9.455810e-01
7085.5 9.455060e-01
7086.5 9.449950e-01
7087.5 9.448290e-01
7088.5 9.443300e-01
7089.5 9.438300e-01
7090.5 9.433290e-01
7091.5 9.428210e-01
7092.5 9.419670e-01
7093.5 9.411290e-01
7094.5 9.413170e-01
7095.5 9.408090e-01
7096.5 9.401020e-01
7097.5 9.397870e-01
7098.5 9.392550e-01
7099.5 9.374270e-01
7100.5 9.376260e-01
7101.5 9.294060e-01
7102.5 9.346260e-01
7103.5 9.355220e-01
7104.5 9.345430e-01
7105.5 9.346510e-01
7106.5 9.328080e-01
7107.5 9.286520e-01
7108.5 9.068870e-01
7109.5 8.702220e-01
7110.5 9.058920e-01
7111.5 9.254370e-01
7112.5 9.292900e-01
7113.5 9.303020e-01
7114.5 9.304670e-01
7115.5 9.301140e-01
7116.5 9.296560e-01
7117.5 9.290500e-01
7118.5 9.284960e-01
7119.5 9.275930e-01
7120.5 9.269230e-01
7121.5 9.254270e-01
7122.5 9.261070e-01
7123.5 9.257050e-01
7124.5 9.256940e-01
7125.5 9.218130e-01
7126.5 9.204090e-01
7127.5 9.233010e-01
7128.5 9.237810e-01
7129.5 9.234520e-01
7130.5 9.231520e-01
7131.5 9.224890e-01
7132.5 9.202350e-01
7133.5 9.215360e-01
7134.5 9.207350e-01
7135.5 9.196190e-01
7136.5 9.158400e-01
7137.5 9.177720e-01
7138.5 9.183180e-01
7139.5 9.177360e-01
7140.5 9.179730e-01
7141.5 9.161760e-01
7142.5 9.157460e-01
7143.5 9.164080e-01
7144.5 9.158500e-01
7145.5 9.150300e-01
7146.5 9.147080e-01
7147.5 9.127370e-01
7148.5 9.129950e-01
7149.5 9.132240e-01
7150.5 9.117570e-01
7151.5 9.103130e-01
7152.5 9.066530e-01
7153.5 9.093420e-01
7154.5 9.080610e-01
7155.5 9.090370e-01
7156.5 9.091390e-01
7157.5 9.066890e-01
7158.5 9.069270e-01
7159.5 9.069370e-01
7160.5 9.064140e-01
7161.5 9.044010e-01
7162.5 9.028840e-01
7163.5 9.047060e-01
7164.5 9.053180e-01
7165.5 9.008420e-01
7166.5 9.036630e-01
7167.5 9.035960e-01
7168.5 9.030880e-01
7169.5 9.029470e-01
7170.5 9.013630e-01
7171.5 8.988170e-01
7172.5 8.982930e-01
7173.5 9.002060e-01
7174.5 8.984520e-01
7175.5 8.995470e-01
7176.5 8.990770e-01
7177.5 8.981990e-01
7178.5 8.984400e-01
7179.5 8.977170e-01
7180.5 8.971980e-01
7181.5 8.964910e-01
7182.5 8.956150e-01
7183.5 8.956840e-01
7184.5 8.946820e-01
7185.5 8.950930e-01
7186.5 8.942700e-01
7187.5 8.941270e-01
7188.5 8.929000e-01
7189.5 8.864170e-01
7190.5 8.861340e-01
7191.5 8.849880e-01
7192.5 8.909380e-01
7193.5 8.900660e-01
7194.5 8.901810e-01
7195.5 8.899120e-01
7196.5 8.892670e-01
7197.5 8.881150e-01
7198.5 8.797210e-01
7199.5 8.862090e-01
7200.5 8.870410e-01
7201.5 8.866550e-01
7202.5 8.844260e-01
7203.5 8.782380e-01
7204.5 8.841300e-01
7205.5 8.843210e-01
7206.5 8.838770e-01
7207.5 8.777670e-01
7208.5 8.817030e-01
7209.5 8.824570e-01
7210.5 8.828320e-01
7211.5 8.823980e-01
7212.5 8.813140e-01
7213.5 8.808910e-01
7214.5 8.736980e-01
7215.5 8.771030e-01
7216.5 8.700630e-01
7217.5 8.775790e-01
7218.5 8.781760e-01
7219.5 8.784330e-01
7220.5 8.777510e-01
7221.5 8.774840e-01
7222.5 8.766440e-01
7223.5 8.757930e-01
7224.5 8.761620e-01
7225.5 8.756980e-01
7226.5 8.752200e-01
7227.5 8.747430e-01
7228.5 8.742660e-01
7229.5 8.737890e-01
7230.5 8.732150e-01
7231.5 8.724450e-01
7232.5 8.719950e-01
7233.5 8.718880e-01
7234.5 8.712990e-01
7235.5 8.709400e-01
7236.5 8.702380e-01
7237.5 8.699940e-01
7238.5 8.694860e-01
7239.5 8.689860e-01
7240.5 8.685730e-01
7241.5 8.678090e-01
7242.5 8.676350e-01
7243.5 8.671680e-01
7244.5 8.665920e-01
7245.5 8.662190e-01
7246.5 8.644980e-01
7247.5 8.647280e-01
7248.5 8.642640e-01
7249.5 8.640010e-01
7250.5 8.633550e-01
7251.5 8.583310e-01
7252.5 8.590630e-01
7253.5 8.615570e-01
7254.5 8.616600e-01
7255.5 8.579310e-01
7256.5 8.596200e-01
7257.5 8.589480e-01
7258.5 8.587710e-01
7259.5 8.593470e-01
7260.5 8.586560e-01
7261.5 8.587330e-01
7262.5 8.583460e-01
7263.5 8.575500e-01
7264.5 8.573100e-01
7265.5 8.564690e-01
7266.5 8.558230e-01
7267.5 8.551550e-01
7268.5 8.543960e-01
7269.5 8.516050e-01
7270.5 8.398380e-01
7271.5 8.456520e-01
7272.5 8.516140e-01
7273.5 8.514590e-01
7274.5 8.482180e-01
7275.5 8.510610e-01
7276.5 8.382450e-01
7277.5 8.506510e-01
7278.5 8.511050e-01
7279.5 8.506980e-01
7280.5 8.501020e-01
7281.5 8.496840e-01
7282.5 8.487110e-01
7283.5 8.488510e-01
7284.5 8.483350e-01
7285.5 8.480530e-01
7286.5 8.474430e-01
7287.5 8.471420e-01
7288.5 8.464630e-01
7289.5 8.461480e-01
7290.5 8.451640e-01
7291.5 8.440920e-01
7292.5 8.438930e-01
7293.5 8.403110e-01
7294.5 8.330990e-01
7295.5 8.417350e-01
7296.5 8.424120e-01
7297.5 8.423970e-01
7298.5 8.422310e-01
7299.5 8.419060e-01
7300.5 8.414060e-01
7301.5 8.410820e-01
7302.5 8.406600e-01
7303.5 8.399980e-01
7304.5 8.397600e-01
7305.5 8.393760e-01
7306.5 8.389230e-01
7307.5 8.383510e-01
7308.5 8.357670e-01
7309.5 8.306350e-01
7310.5 8.368290e-01
7311.5 8.361660e-01
7312.5 8.357690e-01
7313.5 8.360050e-01
7314.5 8.356020e-01
7315.5 8.350830e-01
7316.5 8.347740e-01
7317.5 8.343600e-01
7318.5 8.339410e-01
7319.5 8.335190e-01
7320.5 8.330810e-01
7321.5 8.323880e-01
7322.5 8.313720e-01
7323.5 8.308600e-01
7324.5 8.273200e-01
7325.5 8.293670e-01
7326.5 8.290030e-01
7327.5 8.294160e-01
7328.5 8.288790e-01
7329.5 8.270890e-01
7330.5 8.275710e-01
7331.5 8.253240e-01
7332.5 8.273020e-01
7333.5 8.252880e-01
7334.5 8.255700e-01
7335.5 8.248910e-01
7336.5 8.212780e-01
7337.5 8.211050e-01
7338.5 8.235700e-01
7339.5 8.229260e-01
7340.5 8.231770e-01
7341.5 8.229540e-01
7342.5 8.211190e-01
7343.5 8.230230e-01
7344.5 8.225640e-01
7345.5 8.215360e-01
7346.5 8.217080e-01
7347.5 8.207410e-01
7348.5 8.200820e-01
7349.5 8.168400e-01
7350.5 8.056760e-01
7351.5 8.148320e-01
7352.5 8.190960e-01
7353.5 8.196360e-01
7354.5 8.183240e-01
7355.5 8.177070e-01
7356.5 8.184500e-01
7357.5 8.184170e-01
7358.5 8.179950e-01
7359.5 8.164680e-01
7360.5 8.165890e-01
7361.5 8.167800e-01
7362.5 8.161730e-01
7363.5 8.144390e-01
7364.5 8.154170e-01
7365.5 8.149510e-01
7366.5 8.140230e-01
7367.5 8.137930e-01
7368.5 8.128980e-01
7369.5 8.116210e-01
7370.5 8.098910e-01
7371.5 8.054990e-01
7372.5 7.936870e-01
7373.5 7.859560e-01
7374.5 7.872700e-01
7375.5 7.941150e-01
7376.5 8.040990e-01
7377.5 8.018070e-01
7378.5 8.031990e-01
7379.5 8.061260e-01
7380.5 8.039460e-01
7381.5 7.947150e-01
7382.5 8.050930e-01
7383.5 7.955190e-01
7384.5 8.000660e-01
7385.5 7.946680e-01
7386.5 7.973160e-01
7387.5 7.934890e-01
7388.5 7.958370e-01
7389.5 7.937520e-01
7390.5 7.990920e-01
7391.5 7.904700e-01
7392.5 7.963310e-01
7393.5 7.907060e-01
7394.5 8.021380e-01
7395.5 8.023400e-01
7396.5 7.991830e-01
7397.5 7.867670e-01
7398.5 7.951600e-01
7399.5 7.928240e-01
7400.5 7.997210e-01
7401.5 7.980330e-01
7402.5 7.842270e-01
7403.5 7.940440e-01
7404.5 7.825620e-01
7405.5 7.919920e-01
7406.5 7.958540e-01
7407.5 7.978750e-01
7408.5 7.973770e-01
7409.5 7.969560e-01
7410.5 7.968830e-01
7411.5 7.962150e-01
7412.5 7.958430e-01
7413.5 7.955730e-01
7414.5 7.951020e-01
7415.5 7.937760e-01
7416.5 7.940170e-01
7417.5 7.922530e-01
7418.5 7.928120e-01
7419.5 7.921890e-01
7420.5 7.917180e-01
7421.5 7.909900e-01
7422.5 7.895980e-01
7423.5 7.859970e-01
7424.5 7.800610e-01
7425.5 7.808020e-01
7426.5 7.813170e-01
7427.5 7.736390e-01
7428.5 7.757810e-01
7429.5 7.803410e-01
7430.5 7.854210e-01
7431.5 7.852110e-01
7432.5 7.840560e-01
7433.5 7.821820e-01
7434.5 7.768190e-01
7435.5 7.790740e-01
7436.5 7.820200e-01
7437.5 7.795510e-01
7438.5 7.788290e-01
7439.5 7.813930e-01
7440.5 7.774470e-01
7441.5 7.679010e-01
7442.5 7.643760e-01
7443.5 7.632570e-01
7444.5 7.705830e-01
7445.5 7.765560e-01
7446.5 7.791740e-01
7447.5 7.775180e-01
7448.5 7.759310e-01
7449.5 7.778900e-01
7450.5 7.772360e-01
7451.5 7.772700e-01
7452.5 7.732970e-01
7453.5 7.675450e-01
7454.5 7.743500e-01
7455.5 7.736140e-01
7456.5 7.722420e-01
7457.5 7.696900e-01
7458.5 7.623060e-01
7459.5 7.376240e-01
7460.5 7.451320e-01
7461.5 7.639510e-01
7462.5 7.685870e-01
7463.5 7.700580e-01
7464.5 7.702220e-01
7465.5 7.701010e-01
7466.5 7.706420e-01
7467.5 7.699280e-01
7468.5 7.686890e-01
7469.5 7.694650e-01
7470.5 7.690210e-01
7471.5 7.682920e-01
7472.5 7.601590e-01
7473.5 7.684520e-01
7474.5 7.679590e-01
7475.5 7.673550e-01
7476.5 7.662590e-01
7477.5 7.652170e-01
7478.5 7.637100e-01
7479.5 7.617830e-01
7480.5 7.522070e-01
7481.5 7.517870e-01
7482.5 7.604760e-01
7483.5 7.605270e-01
7484.5 7.598200e-01
7485.5 7.515510e-01
7486.5 7.568230e-01
7487.5 7.590860e-01
7488.5 7.566340e-01
7489.5 7.591360e-01
7490.5 7.596290e-01
7491.5 7.589100e-01
7492.5 7.589150e-01
7493.5 7.589000e-01
7494.5 7.584860e-01
7495.5 7.579600e-01
7496.5 7.571310e-01
7497.5 7.559110e-01
7498.5 7.547840e-01
7499.5 7.531620e-01
7500.5 7.510760e-01
7501.5 7.487040e-01
7502.5 7.472600e-01
7503.5 7.479760e-01
7504.5 7.499160e-01
7505.5 7.509250e-01
7506.5 7.506530e-01
7507.5 7.519430e-01
7508.5 7.522620e-01
7509.5 7.521420e-01
7510.5 7.519200e-01
7511.5 7.516060e-01
7512.5 7.509590e-01
7513.5 7.508610e-01
7514.5 7.505610e-01
7515.5 7.500010e-01
7516.5 7.496760e-01
7517.5 7.493500e-01
7518.5 7.490940e-01
7519.5 7.481830e-01
7520.5 7.467760e-01
7521.5 7.478370e-01
7522.5 7.472960e-01
7523.5 7.470820e-01
7524.5 7.467960e-01
7525.5 7.463310e-01
7526.5 7.458880e-01
7527.5 7.456020e-01
7528.5 7.452010e-01
7529.5 7.447520e-01
7530.5 7.443970e-01
7531.5 7.438950e-01
7532.5 7.434690e-01
7533.5 7.431910e-01
7534.5 7.426310e-01
7535.5 7.423810e-01
7536.5 7.419960e-01
7537.5 7.415950e-01
7538.5 7.411940e-01
7539.5 7.407710e-01
7540.5 7.403010e-01
7541.5 7.399800e-01
7542.5 7.395230e-01
7543.5 7.386660e-01
7544.5 7.323280e-01
7545.5 7.376710e-01
7546.5 7.377370e-01
7547.5 7.370780e-01
7548.5 7.360680e-01
7549.5 7.360170e-01
7550.5 7.364070e-01
7551.5 7.360620e-01
7552.5 7.356740e-01
7553.5 7.351820e-01
7554.5 7.340240e-01
7555.5 7.344280e-01
7556.5 7.340470e-01
7557.5 7.336770e-01
7558.5 7.333070e-01
7559.5 7.328960e-01
7560.5 7.325610e-01
7561.5 7.320460e-01
7562.5 7.317270e-01
7563.5 7.314060e-01
7564.5 7.310220e-01
7565.5 7.306380e-01
7566.5 7.301490e-01
7567.5 7.298200e-01
7568.5 7.294880e-01
7569.5 7.290660e-01
7570.5 7.286290e-01
7571.5 7.282970e-01
7572.5 7.279630e-01
7573.5 7.275830e-01
7574.5 7.271960e-01
7575.5 7.265240e-01
7576.5 7.216530e-01
7577.5 7.259040e-01
7578.5 7.256750e-01
7579.5 7.253120e-01
7580.5 7.249350e-01
7581.5 7.245580e-01
7582.5 7.241770e-01
7583.5 7.237670e-01
7584.5 7.233650e-01
7585.5 7.230550e-01
7586.5 7.226800e-01
7587.5 7.223050e-01
7588.5 7.219290e-01
7589.5 7.215530e-01
7590.5 7.211780e-01
7591.5 7.208050e-01
7592.5 7.204320e-01
7593.5 7.200600e-01
7594.5 7.196870e-01
7595.5 7.192810e-01
7596.5 7.189430e-01
7597.5 7.185710e-01
7598.5 7.182000e-01
7599.5 7.178280e-01
7600.5 7.174570e-01
7601.5 7.170860e-01
7602.5 7.167150e-01
7603.5 7.163410e-01
7604.5 7.159180e-01
7605.5 7.154640e-01
7606.5 7.152260e-01
7607.5 7.145090e-01
7608.5 7.144280e-01
7609.5 7.141270e-01
7610.5 7.137560e-01
7611.5 7.133250e-01
7612.5 7.130190e-01
7613.5 7.126510e-01
7614.5 7.122220e-01
7615.5 7.119120e-01
7616.5 7.114260e-01
7617.5 7.094610e-01
7618.5 7.106650e-01
7619.5 7.104420e-01
7620.5 7.100800e-01
7621.5 7.096690e-01
7622.5 7.093110e-01
7623.5 7.088890e-01
7624.5 7.086110e-01
7625.5 7.081930e-01
7626.5 7.036520e-01
7627.5 7.074900e-01
7628.5 7.071550e-01
7629.5 7.067910e-01
7630.5 7.064260e-01
7631.5 7.060440e-01
7632.5 7.055320e-01
7633.5 7.053060e-01
7634.5 7.048800e-01
7635.5 7.020330e-01
7636.5 6.998290e-01
7637.5 7.037600e-01
7638.5 7.035020e-01
7639.5 7.031500e-01
7640.5 7.027900e-01
7641.5 7.024270e-01
7642.5 7.020550e-01
7643.5 7.015510e-01
7644.5 7.013260e-01
7645.5 7.009780e-01
7646.5 7.005360e-01
7647.5 7.000850e-01
7648.5 6.998320e-01
7649.5 6.994210e-01
7650.5 6.990990e-01
7651.5 6.988100e-01
7652.5 6.984500e-01
7653.5 6.980850e-01
7654.5 6.977220e-01
7655.5 6.973330e-01
7656.5 6.968090e-01
7657.5 6.965160e-01
7658.5 6.954730e-01
7659.5 6.950100e-01
7660.5 6.954210e-01
7661.5 6.951670e-01
7662.5 6.948210e-01
7663.5 6.942760e-01
7664.5 6.940510e-01
7665.5 6.936810e-01
7666.5 6.933900e-01
7667.5 6.930660e-01
7668.5 6.927090e-01
7669.5 6.923520e-01
7670.5 6.919950e-01
7671.5 6.916310e-01
7672.5 6.912100e-01
7673.5 6.908870e-01
7674.5 6.904020e-01
7675.5 6.902080e-01
7676.5 6.898600e-01
7677.5 6.895050e-01
7678.5 6.891510e-01
7679.5 6.887960e-01
7680.5 6.884420e-01
7681.5 6.880890e-01
7682.5 6.877350e-01
7683.5 6.873820e-01
7684.5 6.870290e-01
7685.5 6.866760e-01
7686.5 6.863240e-01
7687.5 6.859720e-01
7688.5 6.856200e-01
7689.5 6.852630e-01
7690.5 6.846950e-01
7691.5 6.844950e-01
7692.5 6.842160e-01
7693.5 6.838650e-01
7694.5 6.835150e-01
7695.5 6.831650e-01
7696.5 6.828160e-01
7697.5 6.824160e-01
7698.5 6.821180e-01
7699.5 6.817690e-01
7700.5 6.814210e-01
7701.5 6.810730e-01
7702.5 6.807250e-01
7703.5 6.803420e-01
7704.5 6.799790e-01
7705.5 6.796840e-01
7706.5 6.793340e-01
7707.5 6.789610e-01
7708.5 6.783380e-01
7709.5 6.782670e-01
7710.5 6.779460e-01
7711.5 6.775380e-01
7712.5 6.749420e-01
7713.5 6.762460e-01
7714.5 6.765490e-01
7715.5 6.762280e-01
7716.5 6.758870e-01
7717.5 6.755440e-01
7718.5 6.752010e-01
7719.5 6.748580e-01
7720.5 6.745150e-01
7721.5 6.741730e-01
7722.5 6.738240e-01
7723.5 6.724520e-01
7724.5 6.726210e-01
7725.5 6.726600e-01
7726.5 6.724510e-01
7727.5 6.721130e-01
7728.5 6.715010e-01
7729.5 6.712960e-01
7730.5 6.710960e-01
7731.5 6.707630e-01
7732.5 6.704160e-01
7733.5 6.699800e-01
7734.5 6.697440e-01
7735.5 6.693650e-01
7736.5 6.689440e-01
7737.5 6.687280e-01
7738.5 6.683910e-01
7739.5 6.680530e-01
7740.5 6.677150e-01
7741.5 6.673780e-01
7742.5 6.670410e-01
7743.5 6.666490e-01
7744.5 6.663660e-01
7745.5 6.660300e-01
7746.5 6.656940e-01
7747.5 6.653140e-01
7748.5 6.650170e-01
7749.5 6.646860e-01
7750.5 6.643510e-01
7751.5 6.640130e-01
7752.5 6.635960e-01
7753.5 6.633450e-01
7754.5 6.630110e-01
7755.5 6.626770e-01
7756.5 6.623420e-01
7757.5 6.620080e-01
7758.5 6.616750e-01
7759.5 6.613410e-01
7760.5 6.609880e-01
7761.5 6.602860e-01
7762.5 6.602400e-01
7763.5 6.600040e-01
7764.5 6.596770e-01
7765.5 6.593440e-01
7766.5 6.590120e-01
7767.5 6.586800e-01
7768.5 6.583480e-01
7769.5 6.580170e-01
7770.5 6.576860e-01
7771.5 6.573550e-01
7772.5 6.569950e-01
7773.5 6.566150e-01
7774.5 6.563630e-01
7775.5 6.559550e-01
7776.5 6.557020e-01
7777.5 6.553730e-01
7778.5 6.550430e-01
7779.5 6.547140e-01
7780.5 6.543850e-01
7781.5 6.540560e-01
7782.5 6.537220e-01
7783.5 6.531140e-01
7784.5 6.530650e-01
7785.5 6.527350e-01
7786.5 6.523330e-01
7787.5 6.520250e-01
7788.5 6.517560e-01
7789.5 6.514320e-01
7790.5 6.511050e-01
7791.5 6.507780e-01
7792.5 6.504520e-01
7793.5 6.501250e-01
7794.5 6.497990e-01
7795.5 6.494730e-01
7796.5 6.491470e-01
7797.5 6.488190e-01
7798.5 6.482630e-01
7799.5 6.481670e-01
7800.5 6.478470e-01
7801.5 6.475220e-01
7802.5 6.471980e-01
7803.5 6.468730e-01
7804.5 6.465490e-01
7805.5 6.461980e-01
7806.5 6.459020e-01
7807.5 6.455790e-01
7808.5 6.452560e-01
7809.5 6.449330e-01
7810.5 6.446100e-01
7811.5 6.442870e-01
7812.5 6.439570e-01
7813.5 6.431080e-01
7814.5 6.432920e-01
7815.5 6.429520e-01
7816.5 6.426780e-01
7817.5 6.423570e-01
7818.5 6.420360e-01
7819.5 6.417050e-01
7820.5 6.412330e-01
7821.5 6.410650e-01
7822.5 6.406560e-01
7823.5 6.404330e-01
7824.5 6.401140e-01
7825.5 6.397540e-01
7826.5 6.394760e-01
7827.5 6.391570e-01
7828.5 6.388360e-01
7829.5 6.384590e-01
7830.5 6.381350e-01
7831.5 6.378680e-01
7832.5 6.375640e-01
7833.5 6.372460e-01
7834.5 6.369290e-01
7835.5 6.366110e-01
7836.5 6.362920e-01
7837.5 6.358780e-01
7838.5 6.356590e-01
7839.5 6.353430e-01
7840.5 6.349880e-01
7841.5 6.347090e-01
7842.5 6.343930e-01
7843.5 6.339810e-01
7844.5 6.333340e-01
7845.5 6.330110e-01
7846.5 6.330770e-01
7847.5 6.328150e-01
7848.5 6.324990e-01
7849.5 6.321840e-01
7850.5 6.318700e-01
7851.5 6.315550e-01
7852.5 6.312410e-01
7853.5 6.309260e-01
7854.5 6.306120e-01
7855.5 6.302980e-01
7856.5 6.299850e-01
7857.5 6.296710e-01
7858.5 6.293580e-01
7859.5 6.290450e-01
7860.5 6.287310e-01
7861.5 6.284190e-01
7862.5 6.279770e-01
7863.5 6.277750e-01
7864.5 6.274170e-01
7865.5 6.271690e-01
7866.5 6.268570e-01
7867.5 6.265450e-01
7868.5 6.262330e-01
7869.5 6.258690e-01
7870.5 6.255570e-01
7871.5 6.252980e-01
7872.5 6.249880e-01
7873.5 6.246770e-01
7874.5 6.243660e-01
7875.5 6.240550e-01
7876.5 6.237450e-01
7877.5 6.234340e-01
7878.5 6.231240e-01
7879.5 6.228140e-01
7880.5 6.223980e-01
7881.5 6.219520e-01
7882.5 6.218850e-01
7883.5 6.215750e-01
7884.5 6.212170e-01
7885.5 6.209560e-01
7886.5 6.206480e-01
7887.5 6.203390e-01
7888.5 6.200300e-01
7889.5 6.197220e-01
7890.5 6.194130e-01
7891.5 6.191050e-01
7892.5 6.187480e-01
7893.5 6.183730e-01
7894.5 6.181710e-01
7895.5 6.177620e-01
7896.5 6.175430e-01
7897.5 6.171230e-01
7898.5 6.143010e-01
7899.5 6.151590e-01
7900.5 6.161980e-01
7901.5 6.160140e-01
7902.5 6.157190e-01
7903.5 6.154170e-01
7904.5 6.151110e-01
7905.5 6.148040e-01
7906.5 6.144980e-01
7907.5 6.141920e-01
7908.5 6.138860e-01
7909.5 6.135460e-01
7910.5 6.132220e-01
7911.5 6.129700e-01
7912.5 6.126640e-01
7913.5 6.123590e-01
7914.5 6.120540e-01
7915.5 6.117500e-01
7916.5 6.114450e-01
7917.5 6.111400e-01
7918.5 6.106850e-01
7919.5 6.104590e-01
7920.5 6.101380e-01
7921.5 6.099240e-01
7922.5 6.095950e-01
7923.5 6.092920e-01
7924.5 6.089930e-01
7925.5 6.084280e-01
7926.5 6.063750e-01
7927.5 6.080000e-01
7928.5 6.077850e-01
7929.5 6.073320e-01
7930.5 6.071610e-01
7931.5 6.068930e-01
7932.5 6.065930e-01
7933.5 6.062910e-01
7934.5 6.059890e-01
7935.5 6.056880e-01
7936.5 6.053870e-01
7937.5 6.050850e-01
7938.5 6.047670e-01
7939.5 6.044530e-01
7940.5 6.041820e-01
7941.5 6.038820e-01
7942.5 6.035260e-01
7943.5 6.032430e-01
7944.5 6.029810e-01
7945.5 6.026790e-01
7946.5 6.017590e-01
7947.5 6.020800e-01
7948.5 6.017830e-01
7949.5 6.014840e-01
7950.5 6.011850e-01
7951.5 6.008860e-01
7952.5 6.005870e-01
7953.5 6.002890e-01
7954.5 5.999900e-01
7955.5 5.996920e-01
7956.5 5.993940e-01
7957.5 5.990970e-01
7958.5 5.987970e-01
7959.5 5.983410e-01
7960.5 5.982040e-01
7961.5 5.979070e-01
7962.5 5.976110e-01
7963.5 5.973080e-01
7964.5 5.969980e-01
7965.5 5.966780e-01
7966.5 5.964150e-01
7967.5 5.960940e-01
7968.5 5.958090e-01
7969.5 5.954680e-01
7970.5 5.951860e-01
7971.5 5.949020e-01
7972.5 5.945930e-01
7973.5 5.943470e-01
7974.5 5.939540e-01
7975.5 5.937530e-01
7976.5 5.934730e-01
7977.5 5.931790e-01
7978.5 5.928850e-01
7979.5 5.925910e-01
7980.5 5.922930e-01
7981.5 5.919130e-01
7982.5 5.916810e-01
7983.5 5.914160e-01
7984.5 5.911250e-01
7985.5 5.907850e-01
7986.5 5.905310e-01
7987.5 5.902480e-01
7988.5 5.899560e-01
7989.5 5.896550e-01
7990.5 5.893180e-01
7991.5 5.890810e-01
7992.5 5.887890e-01
7993.5 5.884980e-01
7994.5 5.882070e-01
7995.5 5.879170e-01
7996.5 5.876260e-01
7997.5 5.873330e-01
7998.5 5.869390e-01
7999.5 5.866640e-01
8000.5 5.870520e-01
8001.5 5.855900e-01
8002.5 5.858870e-01
8003.5 5.855980e-01
8004.5 5.850110e-01
8005.5 5.850120e-01
8006.5 5.847280e-01
8007.5 5.849310e-01
8008.5 5.835630e-01
8009.5 5.838670e-01
8010.5 5.841170e-01
8011.5 5.826300e-01
8012.5 5.826580e-01
8013.5 5.831020e-01
8014.5 5.818430e-01
8015.5 5.820980e-01
8016.5 5.824360e-01
8017.5 5.809880e-01
8018.5 5.812830e-01
8019.5 5.809510e-01
8020.5 5.805630e-01
8021.5 5.803310e-01
8022.5 5.801400e-01
8023.5 5.804340e-01
8024.5 5.789730e-01
8025.5 5.782520e-01
8026.5 5.789280e-01
8027.5 5.781050e-01
8028.5 5.783130e-01
8029.5 5.787200e-01
8030.5 5.772870e-01
8031.5 5.775810e-01
8032.5 5.778730e-01
8033.5 5.764260e-01
8034.5 5.765560e-01
8035.5 5.763950e-01
8036.5 5.761340e-01
8037.5 5.757490e-01
8038.5 5.754090e-01
8039.5 5.751000e-01
8040.5 5.742470e-01
8041.5 5.747090e-01
8042.5 5.750330e-01
8043.5 5.736130e-01
8044.5 5.739100e-01
8045.5 5.742060e-01
8046.5 5.727790e-01
8047.5 5.730720e-01
8048.5 5.733640e-01
8049.5 5.719390e-01
8050.5 5.722320e-01
8051.5 5.719530e-01
8052.5 5.716730e-01
8053.5 5.713940e-01
8054.5 5.711150e-01
8055.5 5.714070e-01
8056.5 5.699860e-01
8057.5 5.702780e-01
8058.5 5.705700e-01
8059.5 5.691520e-01
8060.5 5.694440e-01
8061.5 5.697350e-01
8062.5 5.683150e-01
8063.5 5.684000e-01
8064.5 5.672230e-01
8065.5 5.674680e-01
8066.5 5.677780e-01
8067.5 5.675000e-01
8068.5 5.671350e-01
8069.5 5.669390e-01
8070.5 5.666490e-01
8071.5 5.668780e-01
8072.5 5.650290e-01
8073.5 5.608890e-01
8074.5 5.631570e-01
8075.5 5.644460e-01
8076.5 5.648980e-01
8077.5 5.652820e-01
8078.5 5.638930e-01
8079.5 5.641880e-01
8080.5 5.644760e-01
8081.5 5.630740e-01
8082.5 5.633620e-01
8083.5 5.630870e-01
8084.5 5.628130e-01
8085.5 5.625380e-01
8086.5 5.622630e-01
8087.5 5.625510e-01
8088.5 5.611530e-01
8089.5 5.614400e-01
8090.5 5.617270e-01
8091.5 5.603310e-01
8092.5 5.606180e-01
8093.5 5.609050e-01
8094.5 5.594980e-01
8095.5 5.597050e-01
8096.5 5.600430e-01
8097.5 5.586130e-01
8098.5 5.589770e-01
8099.5 5.587040e-01
8100.5 5.584310e-01
8101.5 5.581570e-01
8102.5 5.576050e-01
8103.5 5.581070e-01
8104.5 5.563190e-01
8105.5 5.569890e-01
8106.5 5.573520e-01
8107.5 5.559670e-01
8108.5 5.562520e-01
8109.5 5.565360e-01
8110.5 5.551520e-01
8111.5 5.554360e-01
8112.5 5.551650e-01
8113.5 5.548940e-01
8114.5 5.546220e-01
8115.5 5.543510e-01
8116.5 5.540800e-01
8117.5 5.538100e-01
8118.5 5.535390e-01
8119.5 5.538220e-01
8120.5 5.524450e-01
8121.5 5.527280e-01
8122.5 5.530110e-01
8123.5 5.516360e-01
8124.5 5.519190e-01
8125.5 5.522010e-01
8126.5 5.507960e-01
8127.5 5.511120e-01
8128.5 5.508430e-01
8129.5 5.505740e-01
8130.5 5.503060e-01
8131.5 5.500340e-01
8132.5 5.501400e-01
8133.5 5.488210e-01
8134.5 5.492320e-01
8135.5 5.495160e-01
8136.5 5.481510e-01
8137.5 5.484330e-01
8138.5 5.487150e-01
8139.5 5.473520e-01
8140.5 5.476340e-01
8141.5 5.479150e-01
8142.5 5.465550e-01
8143.5 5.468370e-01
8144.5 5.465710e-01
8145.5 5.463060e-01
8146.5 5.460420e-01
8147.5 5.457770e-01
8148.5 5.460530e-01
8149.5 5.446360e-01
8150.5 5.448990e-01
8151.5 5.452600e-01
8152.5 5.439140e-01
8153.5 5.441960e-01
8154.5 5.444770e-01
8155.5 5.431270e-01
8156.5 5.434080e-01
8157.5 5.436890e-01
8158.5 5.423420e-01
8159.5 5.426230e-01
8160.5 5.423550e-01
8161.5 5.415890e-01
8162.5 5.417930e-01
8163.5 5.415810e-01
8164.5 5.418620e-01
8165.5 5.405200e-01
8166.5 5.408010e-01
8167.5 5.410820e-01
8168.5 5.397430e-01
8169.5 5.400240e-01
8170.5 5.403050e-01
8171.5 5.389680e-01
8172.5 5.392500e-01
8173.5 5.395310e-01
8174.5 5.381930e-01
8175.5 5.384020e-01
8176.5 5.381230e-01
8177.5 5.353030e-01
8178.5 5.357330e-01
8179.5 5.373700e-01
8180.5 5.377190e-01
8181.5 5.363960e-01
8182.5 5.366770e-01
8183.5 5.369380e-01
8184.5 5.355690e-01
8185.5 5.358720e-01
8186.5 5.360270e-01
8187.5 5.335340e-01
8188.5 5.336710e-01
8189.5 5.352530e-01
8190.5 5.340620e-01
8191.5 5.343120e-01
8192.5 5.341310e-01
8193.5 5.338810e-01
8194.5 5.336310e-01
8195.5 5.333780e-01
8196.5 5.330760e-01
8197.5 5.328710e-01
8198.5 5.326210e-01
8199.5 5.323680e-01
8200.5 5.321160e-01
8201.5 5.318570e-01
8202.5 5.314270e-01
8203.5 5.313470e-01
8204.5 5.310540e-01
8205.5 5.308580e-01
8206.5 5.306070e-01
8207.5 5.303550e-01
8208.5 5.301040e-01
8209.5 5.298540e-01
8210.5 5.296030e-01
8211.5 5.293520e-01
8212.5 5.290010e-01
8213.5 5.286360e-01
8214.5 5.286000e-01
8215.5 5.283430e-01
8216.5 5.278520e-01
8217.5 5.278500e-01
8218.5 5.274270e-01
8219.5 5.273390e-01
8220.5 5.271040e-01
8221.5 5.268540e-01
8222.5 5.266050e-01
8223.5 5.263560e-01
8224.5 5.261070e-01
8225.5 5.258590e-01
8226.5 5.256070e-01
8227.5 5.251120e-01
8228.5 5.251060e-01
8229.5 5.248650e-01
8230.5 5.246160e-01
8231.5 5.243680e-01
8232.5 5.241200e-01
8233.5 5.238720e-01
8234.5 5.236160e-01
8235.5 5.232280e-01
8236.5 5.223520e-01
8237.5 5.228520e-01
8238.5 5.226310e-01
8239.5 5.223850e-01
8240.5 5.219770e-01
8241.5 5.218920e-01
8242.5 5.216450e-01
8243.5 5.213980e-01
8244.5 5.211510e-01
8245.5 5.209040e-01
8246.5 5.206540e-01
8247.5 5.203310e-01
8248.5 5.195160e-01
8249.5 5.198950e-01
8250.5 5.196700e-01
8251.5 5.194250e-01
8252.5 5.191770e-01
8253.5 5.188830e-01
8254.5 5.184440e-01
8255.5 5.184350e-01
8256.5 5.181950e-01
8257.5 5.179490e-01
8258.5 5.177030e-01
8259.5 5.174570e-01
8260.5 5.171480e-01
8261.5 5.166620e-01
8262.5 5.167200e-01
8263.5 5.164760e-01
8264.5 5.162310e-01
8265.5 5.159780e-01
8266.5 5.155100e-01
8267.5 5.154740e-01
8268.5 5.152510e-01
8269.5 5.150060e-01
8270.5 5.147620e-01
8271.5 5.145170e-01
8272.5 5.142730e-01
8273.5 5.140280e-01
8274.5 5.137840e-01
8275.5 5.135400e-01
8276.5 5.132960e-01
8277.5 5.130520e-01
8278.5 5.128080e-01
8279.5 5.125640e-01
8280.5 5.123200e-01
8281.5 5.120770e-01
8282.5 5.118220e-01
8283.5 5.113630e-01
8284.5 5.109940e-01
8285.5 5.110920e-01
8286.5 5.108600e-01
8287.5 5.106170e-01
8288.5 5.103740e-01
8289.5 5.101310e-01
8290.5 5.098880e-01
8291.5 5.096450e-01
8292.5 5.094020e-01
8293.5 5.091600e-01
8294.5 5.089170e-01
8295.5 5.086750e-01
8296.5 5.084120e-01
8297.5 5.079870e-01
8298.5 5.079480e-01
8299.5 5.077070e-01
8300.5 5.074650e-01
8301.5 5.072240e-01
8302.5 5.069820e-01
8303.5 5.067410e-01
8304.5 5.064990e-01
8305.5 5.062580e-01
8306.5 5.060170e-01
8307.5 5.057760e-01
8308.5 5.055350e-01
8309.5 5.052950e-01
8310.5 5.050540e-01
8311.5 5.048140e-01
8312.5 5.045710e-01
8313.5 5.041780e-01
8314.5 5.025390e-01
8315.5 5.038200e-01
8316.5 5.034980e-01
8317.5 5.033270e-01
8318.5 5.031190e-01
8319.5 5.028260e-01
8320.5 5.026450e-01
8321.5 5.024180e-01
8322.5 5.021810e-01
8323.5 5.019420e-01
8324.5 5.017040e-01
8325.5 5.014660e-01
8326.5 5.012270e-01
8327.5 5.009900e-01
8328.5 5.007520e-01
8329.5 5.001380e-01
8330.5 5.000860e-01
8331.5 4.999710e-01
8332.5 4.997420e-01
8333.5 4.995340e-01
8334.5 4.993290e-01
8335.5 4.990930e-01
8336.5 4.988340e-01
8337.5 4.986110e-01
8338.5 4.983840e-01
8339.5 4.981480e-01
8340.5 4.979130e-01
8341.5 4.976770e-01
8342.5 4.974380e-01
8343.5 4.971910e-01
8344.5 4.968730e-01
8345.5 4.948240e-01
8346.5 4.934990e-01
8347.5 4.960570e-01
8348.5 4.959790e-01
8349.5 4.957660e-01
8350.5 4.955660e-01
8351.5 4.953320e-01
8352.5 4.950950e-01
8353.5 4.934210e-01
8354.5 4.946250e-01
8355.5 4.944000e-01
8356.5 4.941670e-01
8357.5 4.939340e-01
8358.5 4.937020e-01
8359.5 4.934660e-01
8360.5 4.931620e-01
8361.5 4.925380e-01
8362.5 4.927590e-01
8363.5 4.925420e-01
8364.5 4.923110e-01
8365.5 4.920800e-01
8366.5 4.918420e-01
8367.5 4.915310e-01
8368.5 4.913820e-01
8369.5 4.910230e-01
8370.5 4.903880e-01
8371.5 4.906860e-01
8372.5 4.904030e-01
8373.5 4.902180e-01
8374.5 4.899100e-01
8375.5 4.897150e-01
8376.5 4.894680e-01
8377.5 4.892810e-01
8378.5 4.872800e-01
8379.5 4.877770e-01
8380.5 4.886070e-01
8381.5 4.883090e-01
8382.5 4.881670e-01
8383.5 4.879250e-01
8384.5 4.875400e-01
8385.5 4.868970e-01
8386.5 4.872010e-01
8387.5 4.870010e-01
8388.5 4.867070e-01
8389.5 4.865720e-01
8390.5 4.863550e-01
8391.5 4.861310e-01
8392.5 4.859040e-01
8393.5 4.856770e-01
8394.5 4.854510e-01
8395.5 4.852250e-01
8396.5 4.848230e-01
8397.5 4.846350e-01
8398.5 4.841780e-01
8399.5 4.838210e-01
8400.5 4.840950e-01
8401.5 4.838710e-01
8402.5 4.836450e-01
8403.5 4.834200e-01
8404.5 4.831950e-01
8405.5 4.829710e-01
8406.5 4.827460e-01
8407.5 4.825210e-01
8408.5 4.822970e-01
8409.5 4.820730e-01
8410.5 4.818490e-01
8411.5 4.816250e-01
8412.5 4.814010e-01
8413.5 4.811770e-01
8414.5 4.809540e-01
8415.5 4.807300e-01
8416.5 4.805070e-01
8417.5 4.802840e-01
8418.5 4.800600e-01
8419.5 4.797060e-01
8420.5 4.794660e-01
8421.5 4.793920e-01
8422.5 4.791710e-01
8423.5 4.789480e-01
8424.5 4.787260e-01
8425.5 4.785040e-01
8426.5 4.782820e-01
8427.5 4.780400e-01
8428.5 4.776930e-01
8429.5 4.775990e-01
8430.5 4.773960e-01
8431.5 4.771750e-01
8432.5 4.769530e-01
8433.5 4.766900e-01
8434.5 4.764780e-01
8435.5 4.762910e-01
8436.5 4.760700e-01
8437.5 4.758500e-01
8438.5 4.756290e-01
8439.5 4.754090e-01
8440.5 4.751890e-01
8441.5 4.749660e-01
8442.5 4.743960e-01
8443.5 4.744690e-01
8444.5 4.743090e-01
8445.5 4.740900e-01
8446.5 4.738710e-01
8447.5 4.736510e-01
8448.5 4.734320e-01
8449.5 4.732130e-01
8450.5 4.729940e-01
8451.5 4.727750e-01
8452.5 4.725570e-01
8453.5 4.723380e-01
8454.5 4.721200e-01
8455.5 4.719020e-01
8456.5 4.716800e-01
8457.5 4.690690e-01
8458.5 4.707850e-01
8459.5 4.710140e-01
8460.5 4.703370e-01
8461.5 4.705780e-01
8462.5 4.703770e-01
8463.5 4.701600e-01
8464.5 4.699430e-01
8465.5 4.697260e-01
8466.5 4.695090e-01
8467.5 4.692920e-01
8468.5 4.690750e-01
8469.5 4.688590e-01
8470.5 4.686420e-01
8471.5 4.684260e-01
8472.5 4.682090e-01
8473.5 4.679930e-01
8474.5 4.677770e-01
8475.5 4.675610e-01
8476.5 4.673450e-01
8477.5 4.671290e-01
8478.5 4.669140e-01
8479.5 4.666980e-01
8480.5 4.664830e-01
8481.5 4.662680e-01
8482.5 4.660530e-01
8483.5 4.658370e-01
8484.5 4.656220e-01
8485.5 4.651500e-01
8486.5 4.651410e-01
8487.5 4.649780e-01
8488.5 4.647640e-01
8489.5 4.645490e-01
8490.5 4.643350e-01
8491.5 4.640780e-01
8492.5 4.628900e-01
8493.5 4.636870e-01
8494.5 4.634790e-01
8495.5 4.632650e-01
8496.5 4.630520e-01
8497.5 4.628010e-01
8498.5 4.622320e-01
8499.5 4.624100e-01
8500.5 4.620670e-01
8501.5 4.619500e-01
8502.5 4.617720e-01
8503.5 4.615590e-01
8504.5 4.613460e-01
8505.5 4.611330e-01
8506.5 4.609200e-01
8507.5 4.607030e-01
8508.5 4.604060e-01
8509.5 4.590680e-01
8510.5 4.592480e-01
8511.5 4.598190e-01
8512.5 4.596410e-01
8513.5 4.594350e-01
8514.5 4.592230e-01
8515.5 4.590110e-01
8516.5 4.587990e-01
8517.5 4.585880e-01
8518.5 4.583760e-01
8519.5 4.581650e-01
8520.5 4.579510e-01
8521.5 4.577350e-01
8522.5 4.575080e-01
8523.5 4.571950e-01
8524.5 4.567700e-01
8525.5 4.568500e-01
8526.5 4.566750e-01
8527.5 4.564720e-01
8528.5 4.562630e-01
8529.5 4.558370e-01
8530.5 4.558160e-01
8531.5 4.553720e-01
8532.5 4.554230e-01
8533.5 4.552140e-01
8534.5 4.549990e-01
8535.5 4.547660e-01
8536.5 4.539370e-01
8537.5 4.536140e-01
8538.5 4.541290e-01
8539.5 4.539450e-01
8540.5 4.537370e-01
8541.5 4.535230e-01
8542.5 4.533070e-01
8543.5 4.530840e-01
8544.5 4.528480e-01
8545.5 4.525750e-01
8546.5 4.521550e-01
8547.5 4.516310e-01
8548.5 4.518010e-01
8549.5 4.517670e-01
8550.5 4.516080e-01
8551.5 4.514200e-01
8552.5 4.512230e-01
8553.5 4.510200e-01
8554.5 4.508150e-01
8555.5 4.506100e-01
8556.5 4.504020e-01
8557.5 4.501950e-01
8558.5 4.499910e-01
8559.5 4.497830e-01
8560.5 4.495750e-01
8561.5 4.493680e-01
8562.5 4.491600e-01
8563.5 4.489530e-01
8564.5 4.487460e-01
8565.5 4.485370e-01
8566.5 4.482400e-01
8567.5 4.481130e-01
8568.5 4.479180e-01
8569.5 4.477120e-01
8570.5 4.463930e-01
8571.5 4.472910e-01
8572.5 4.470930e-01
8573.5 4.468860e-01
8574.5 4.466800e-01
8575.5 4.464740e-01
8576.5 4.462580e-01
8577.5 4.459070e-01
8578.5 4.458570e-01
8579.5 4.456520e-01
8580.5 4.454460e-01
8581.5 4.452410e-01
8582.5 4.450360e-01
8583.5 4.448310e-01
8584.5 4.446260e-01
8585.5 4.444210e-01
8586.5 4.442170e-01
8587.5 4.440120e-01
8588.5 4.438070e-01
8589.5 4.436030e-01
8590.5 4.432730e-01
8591.5 4.428670e-01
8592.5 4.429690e-01
8593.5 4.427870e-01
8594.5 4.425840e-01
8595.5 4.423800e-01
8596.5 4.421770e-01
8597.5 4.419740e-01
8598.5 4.417710e-01
8599.5 4.415680e-01
8600.5 4.413650e-01
8601.5 4.411620e-01
8602.5 4.409600e-01
8603.5 4.407570e-01
8604.5 4.405550e-01
8605.5 4.403530e-01
8606.5 4.401510e-01
8607.5 4.399490e-01
8608.5 4.397470e-01
8609.5 4.395450e-01
8610.5 4.393440e-01
8611.5 4.391410e-01
8612.5 4.389370e-01
8613.5 4.387310e-01
8614.5 4.385120e-01
8615.5 4.381260e-01
8616.5 4.363970e-01
8617.5 4.377230e-01
8618.5 4.374200e-01
8619.5 4.371440e-01
8620.5 4.373250e-01
8621.5 4.371320e-01
8622.5 4.369360e-01
8623.5 4.367370e-01
8624.5 4.365370e-01
8625.5 4.363380e-01
8626.5 4.361390e-01
8627.5 4.359390e-01
8628.5 4.357400e-01
8629.5 4.355420e-01
8630.5 4.353430e-01
8631.5 4.351440e-01
8632.5 4.349460e-01
8633.5 4.347470e-01
8634.5 4.345310e-01
8635.5 4.339310e-01
8636.5 4.332480e-01
8637.5 4.339070e-01
8638.5 4.337560e-01
8639.5 4.335600e-01
8640.5 4.333630e-01
8641.5 4.331660e-01
8642.5 4.329690e-01
8643.5 4.327720e-01
8644.5 4.324910e-01
8645.5 4.322360e-01
8646.5 4.321820e-01
8647.5 4.319860e-01
8648.5 4.317900e-01
8649.5 4.315940e-01
8650.5 4.313980e-01
8651.5 4.312020e-01
8652.5 4.310060e-01
8653.5 4.308110e-01
8654.5 4.306150e-01
8655.5 4.304200e-01
8656.5 4.302250e-01
8657.5 4.300300e-01
8658.5 4.298350e-01
8659.5 4.296400e-01
8660.5 4.294450e-01
8661.5 4.292510e-01
8662.5 4.290560e-01
8663.5 4.288610e-01
8664.5 4.286620e-01
8665.5 4.282820e-01
8666.5 4.277200e-01
8667.5 4.280760e-01
8668.5 4.278880e-01
8669.5 4.276990e-01
8670.5 4.275050e-01
8671.5 4.273100e-01
8672.5 4.271140e-01
8673.5 4.269210e-01
8674.5 4.267280e-01
8675.5 4.265350e-01
8676.5 4.263420e-01
8677.5 4.261490e-01
8678.5 4.259530e-01
8679.5 4.256570e-01
8680.5 4.244530e-01
8681.5 4.253460e-01
8682.5 4.251850e-01
8683.5 4.249940e-01
8684.5 4.248020e-01
8685.5 4.246090e-01
8686.5 4.244170e-01
8687.5 4.242260e-01
8688.5 4.240340e-01
8689.5 4.238420e-01
8690.5 4.236500e-01
8691.5 4.234590e-01
8692.5 4.232660e-01
8693.5 4.230270e-01
8694.5 4.221410e-01
8695.5 4.226760e-01
8696.5 4.224980e-01
8697.5 4.223070e-01
8698.5 4.221160e-01
8699.5 4.219230e-01
8700.5 4.213990e-01
8701.5 4.215110e-01
8702.5 4.212870e-01
8703.5 4.211240e-01
8704.5 4.205730e-01
8705.5 4.207730e-01
8706.5 4.205870e-01
8707.5 4.204000e-01
8708.5 4.202100e-01
8709.5 4.200200e-01
8710.5 4.198290e-01
8711.5 4.196390e-01
8712.5 4.194460e-01
8713.5 4.192550e-01
8714.5 4.190650e-01
8715.5 4.188760e-01
8716.5 4.186860e-01
8717.5 4.184960e-01
8718.5 4.183070e-01
8719.5 4.181150e-01
8720.5 4.179240e-01
8721.5 4.177340e-01
8722.5 4.175430e-01
8723.5 4.172410e-01
8724.5 4.171450e-01
8725.5 4.169280e-01
8726.5 4.167850e-01
8727.5 4.165940e-01
8728.5 4.163920e-01
8729.5 4.157230e-01
8730.5 4.160070e-01
8731.5 4.158330e-01
8732.5 4.155210e-01
8733.5 4.154520e-01
8734.5 4.152620e-01
8735.5 4.150700e-01
8736.5 4.148740e-01
8737.5 4.146440e-01
8738.5 4.140890e-01
8739.5 4.142310e-01
8740.5 4.141060e-01
8741.5 4.139230e-01
8742.5 4.137320e-01
8743.5 4.135400e-01
8744.5 4.133470e-01
8745.5 4.131530e-01
8746.5 4.129580e-01
8747.5 4.127570e-01
8748.5 4.124600e-01
8749.5 4.119760e-01
8750.5 4.121490e-01
8751.5 4.119600e-01
8752.5 4.117540e-01
8753.5 4.115410e-01
8754.5 4.113210e-01
8755.5 4.110860e-01
8756.5 4.108330e-01
8757.5 4.105580e-01
8758.5 4.103070e-01
8759.5 4.102910e-01
8760.5 4.101890e-01
8761.5 4.099060e-01
8762.5 4.097680e-01
8763.5 4.096320e-01
8764.5 4.094860e-01
8765.5 4.093310e-01
8766.5 4.091690e-01
8767.5 4.090040e-01
8768.5 4.087450e-01
8769.5 4.082540e-01
8770.5 4.084840e-01
8771.5 4.083150e-01
8772.5 4.081400e-01
8773.5 4.079630e-01
8774.5 4.077860e-01
8775.5 4.076070e-01
8776.5 4.074290e-01
8777.5 4.072500e-01
8778.5 4.070720e-01
8779.5 4.068900e-01
8780.5 4.066500e-01
8781.5 4.065320e-01
8782.5 4.061700e-01
8783.5 4.061730e-01
8784.5 4.059940e-01
8785.5 4.058130e-01
8786.5 4.056340e-01
8787.5 4.054520e-01
8788.5 4.052750e-01
8789.5 4.050930e-01
8790.5 4.049110e-01
8791.5 4.044220e-01
8792.5 4.044020e-01
8793.5 4.043720e-01
8794.5 4.041950e-01
8795.5 4.040170e-01
8796.5 4.038360e-01
8797.5 4.036560e-01
8798.5 4.034760e-01
8799.5 4.032990e-01
8800.5 4.031210e-01
8801.5 4.029410e-01
8802.5 4.027620e-01
8803.5 4.025820e-01
8804.5 4.023980e-01
8805.5 4.022000e-01
8806.5 4.018230e-01
8807.5 4.012460e-01
8808.5 4.016500e-01
8809.5 4.015060e-01
8810.5 4.013330e-01
8811.5 4.011580e-01
8812.5 4.009800e-01
8813.5 4.008030e-01
8814.5 4.006250e-01
8815.5 4.004470e-01
8816.5 4.002400e-01
8817.5 4.000090e-01
8818.5 3.999190e-01
8819.5 3.997430e-01
8820.5 3.995660e-01
8821.5 3.993890e-01
8822.5 3.992130e-01
8823.5 3.990360e-01
8824.5 3.988600e-01
8825.5 3.986840e-01
8826.5 3.985080e-01
8827.5 3.983320e-01
8828.5 3.981560e-01
8829.5 3.979800e-01
8830.5 3.978050e-01
8831.5 3.976290e-01
8832.5 3.974540e-01
8833.5 3.972780e-01
8834.5 3.971030e-01
8835.5 3.969280e-01
8836.5 3.967530e-01
8837.5 3.965780e-01
8838.5 3.964030e-01
8839.5 3.962290e-01
8840.5 3.960540e-01
8841.5 3.958790e-01
8842.5 3.957050e-01
8843.5 3.955300e-01
8844.5 3.953560e-01
8845.5 3.950730e-01
8846.5 3.947820e-01
8847.5 3.948330e-01
8848.5 3.946210e-01
8849.5 3.944850e-01
8850.5 3.943110e-01
8851.5 3.940820e-01
8852.5 3.939640e-01
8853.5 3.937830e-01
8854.5 3.935730e-01
8855.5 3.934420e-01
8856.5 3.932670e-01
8857.5 3.930910e-01
8858.5 3.929180e-01
8859.5 3.927440e-01
8860.5 3.925680e-01
8861.5 3.923940e-01
8862.5 3.922170e-01
8863.5 3.920410e-01
8864.5 3.918620e-01
8865.5 3.916810e-01
8866.5 3.914940e-01
8867.5 3.912940e-01
8868.5 3.910450e-01
8869.5 3.905540e-01
8870.5 3.870960e-01
8871.5 3.807680e-01
8872.5 3.897670e-01
8873.5 3.901280e-01
8874.5 3.898740e-01
8875.5 3.899420e-01
8876.5 3.897840e-01
8877.5 3.896130e-01
8878.5 3.894290e-01
8879.5 3.891820e-01
8880.5 3.883080e-01
8881.5 3.807280e-01
8882.5 3.877410e-01
8883.5 3.884520e-01
8884.5 3.883000e-01
8885.5 3.877190e-01
8886.5 3.840830e-01
8887.5 3.870660e-01
8888.5 3.876010e-01
8889.5 3.875260e-01
8890.5 3.873770e-01
8891.5 3.872130e-01
8892.5 3.870430e-01
8893.5 3.868710e-01
8894.5 3.867020e-01
8895.5 3.865300e-01
8896.5 3.863410e-01
8897.5 3.860880e-01
8898.5 3.860130e-01
8899.5 3.858410e-01
8900.5 3.856690e-01
8901.5 3.854960e-01
8902.5 3.853240e-01
8903.5 3.851520e-01
8904.5 3.849630e-01
8905.5 3.844830e-01
8906.5 3.846360e-01
8907.5 3.844640e-01
8908.5 3.842930e-01
8909.5 3.841210e-01
8910.5 3.839490e-01
8911.5 3.837770e-01
8912.5 3.836060e-01
8913.5 3.834340e-01
8914.5 3.832630e-01
8915.5 3.830910e-01
8916.5 3.829200e-01
8917.5 3.827490e-01
8918.5 3.825770e-01
8919.5 3.824060e-01
8920.5 3.822350e-01
8921.5 3.820640e-01
8922.5 3.818930e-01
8923.5 3.817210e-01
8924.5 3.815450e-01
8925.5 3.813520e-01
8926.5 3.808890e-01
8927.5 3.807670e-01
8928.5 3.808420e-01
8929.5 3.806930e-01
8930.5 3.805260e-01
8931.5 3.803590e-01
8932.5 3.801850e-01
8933.5 3.800090e-01
8934.5 3.798040e-01
8935.5 3.793040e-01
8936.5 3.777040e-01
8937.5 3.791770e-01
8938.5 3.791460e-01
8939.5 3.789950e-01
8940.5 3.788310e-01
8941.5 3.786640e-01
8942.5 3.784950e-01
8943.5 3.783260e-01
8944.5 3.781570e-01
8945.5 3.779890e-01
8946.5 3.778200e-01
8947.5 3.776520e-01
8948.5 3.774830e-01
8949.5 3.773150e-01
8950.5 3.771470e-01
8951.5 3.769780e-01
8952.5 3.767700e-01
8953.5 3.766050e-01
8954.5 3.764760e-01
8955.5 3.763090e-01
8956.5 3.761420e-01
8957.5 3.759750e-01
8958.5 3.758080e-01
8959.5 3.756410e-01
8960.5 3.754720e-01
8961.5 3.752960e-01
8962.5 3.750510e-01
8963.5 3.745130e-01
8964.5 3.747600e-01
8965.5 3.746350e-01
8966.5 3.744760e-01
8967.5 3.743120e-01
8968.5 3.741460e-01
8969.5 3.739790e-01
8970.5 3.738090e-01
8971.5 3.736110e-01
8972.5 3.731400e-01
8973.5 3.729670e-01
8974.5 3.731190e-01
8975.5 3.729840e-01
8976.5 3.728250e-01
8977.5 3.726640e-01
8978.5 3.725000e-01
8979.5 3.723360e-01
8980.5 3.721730e-01
8981.5 3.720090e-01
8982.5 3.718440e-01
8983.5 3.716640e-01
8984.5 3.714020e-01
8985.5 3.713120e-01
8986.5 3.710560e-01
8987.5 3.705870e-01
8988.5 3.703690e-01
8989.5 3.706040e-01
8990.5 3.705270e-01
8991.5 3.703770e-01
8992.5 3.702190e-01
8993.5 3.700580e-01
8994.5 3.698970e-01
8995.5 3.697350e-01
8996.5 3.695730e-01
8997.5 3.694020e-01
8998.5 3.691610e-01
8999.5 3.690700e-01
9000.5 3.689130e-01
9001.5 3.687680e-01
9002.5 3.686080e-01
9003.5 3.684480e-01
9004.5 3.682880e-01
9005.5 3.681270e-01
9006.5 3.679670e-01
9007.5 3.678070e-01
9008.5 3.676440e-01
9009.5 3.674720e-01
9010.5 3.671810e-01
9011.5 3.669800e-01
9012.5 3.669910e-01
9013.5 3.668460e-01
9014.5 3.666910e-01
9015.5 3.665320e-01
9016.5 3.663730e-01
9017.5 3.662130e-01
9018.5 3.660350e-01
9019.5 3.655910e-01
9020.5 3.657140e-01
9021.5 3.655670e-01
9022.5 3.652720e-01
9023.5 3.652480e-01
9024.5 3.651050e-01
9025.5 3.649480e-01
9026.5 3.647810e-01
9027.5 3.638900e-01
9028.5 3.644650e-01
9029.5 3.643170e-01
9030.5 3.641170e-01
9031.5 3.637970e-01
9032.5 3.637340e-01
9033.5 3.636880e-01
9034.5 3.635310e-01
9035.5 3.633740e-01
9036.5 3.632170e-01
9037.5 3.630600e-01
9038.5 3.629030e-01
9039.5 3.627460e-01
9040.5 3.625900e-01
9041.5 3.624330e-01
9042.5 3.622770e-01
9043.5 3.621200e-01
9044.5 3.619640e-01
9045.5 3.618080e-01
9046.5 3.616520e-01
9047.5 3.614960e-01
9048.5 3.613400e-01
9049.5 3.611840e-01
9050.5 3.610280e-01
9051.5 3.608720e-01
9052.5 3.607170e-01
9053.5 3.605610e-01
9054.5 3.604060e-01
9055.5 3.602490e-01
9056.5 3.600250e-01
9057.5 3.598570e-01
9058.5 3.597670e-01
9059.5 3.596220e-01
9060.5 3.591990e-01
9061.5 3.591450e-01
9062.5 3.591590e-01
9063.5 3.590100e-01
9064.5 3.588550e-01
9065.5 3.587000e-01
9066.5 3.585450e-01
9067.5 3.583910e-01
9068.5 3.582360e-01
9069.5 3.580820e-01
9070.5 3.579270e-01
9071.5 3.577730e-01
9072.5 3.576190e-01
9073.5 3.574640e-01
9074.5 3.573100e-01
9075.5 3.571560e-01
9076.5 3.570020e-01
9077.5 3.568480e-01
9078.5 3.566910e-01
9079.5 3.564650e-01
9080.5 3.560420e-01
9081.5 3.562210e-01
9082.5 3.560790e-01
9083.5 3.559260e-01
9084.5 3.557720e-01
9085.5 3.556190e-01
9086.5 3.554640e-01
9087.5 3.553070e-01
9088.5 3.551070e-01
9089.5 3.527980e-01
9090.5 3.542510e-01
9091.5 3.546530e-01
9092.5 3.529240e-01
9093.5 3.527790e-01
9094.5 3.542280e-01
9095.5 3.540840e-01
9096.5 3.539260e-01
9097.5 3.537060e-01
9098.5 3.526550e-01
9099.5 3.533300e-01
9100.5 3.533100e-01
9101.5 3.531690e-01
9102.5 3.530190e-01
9103.5 3.528670e-01
9104.5 3.527140e-01
9105.5 3.525620e-01
9106.5 3.524100e-01
9107.5 3.522580e-01
9108.5 3.521060e-01
9109.5 3.519540e-01
9110.5 3.518020e-01
9111.5 3.516500e-01
9112.5 3.514980e-01
9113.5 3.513460e-01
9114.5 3.511950e-01
9115.5 3.510430e-01
9116.5 3.508910e-01
9117.5 3.507400e-01
9118.5 3.505880e-01
9119.5 3.504290e-01
9120.5 3.501260e-01
9121.5 3.501340e-01
9122.5 3.499830e-01
9123.5 3.498320e-01
9124.5 3.496810e-01
9125.5 3.495300e-01
9126.5 3.493780e-01
9127.5 3.492200e-01
9128.5 3.490070e-01
9129.5 3.468910e-01
9130.5 3.444410e-01
9131.5 3.484960e-01
9132.5 3.482140e-01
9133.5 3.481880e-01
9134.5 3.481680e-01
9135.5 3.479530e-01
9136.5 3.469700e-01
9137.5 3.474350e-01
9138.5 3.471300e-01
9139.5 3.463600e-01
9140.5 3.469950e-01
9141.5 3.471240e-01
9142.5 3.469750e-01
9143.5 3.468250e-01
9144.5 3.466750e-01
9145.5 3.465260e-01
9146.5 3.463770e-01
9147.5 3.462270e-01
9148.5 3.460780e-01
9149.5 3.459290e-01
9150.5 3.457800e-01
9151.5 3.456310e-01
9152.5 3.454830e-01
9153.5 3.448710e-01
9154.5 3.449550e-01
9155.5 3.450040e-01
9156.5 3.448340e-01
9157.5 3.445820e-01
9158.5 3.445580e-01
9159.5 3.444440e-01
9160.5 3.442960e-01
9161.5 3.441480e-01
9162.5 3.440000e-01
9163.5 3.438520e-01
9164.5 3.437050e-01
9165.5 3.435500e-01
9166.5 3.430980e-01
9167.5 3.432340e-01
9168.5 3.431150e-01
9169.5 3.429680e-01
9170.5 3.428210e-01
9171.5 3.426740e-01
9172.5 3.425270e-01
9173.5 3.423690e-01
9174.5 3.421800e-01
9175.5 3.420820e-01
9176.5 3.419100e-01
9177.5 3.413860e-01
9178.5 3.415720e-01
9179.5 3.411760e-01
9180.5 3.411170e-01
9181.5 3.410360e-01
9182.5 3.410530e-01
9183.5 3.408480e-01
9184.5 3.406230e-01
9185.5 3.406080e-01
9186.5 3.404750e-01
9187.5 3.402720e-01
9188.5 3.401900e-01
9189.5 3.400450e-01
9190.5 3.399000e-01
9191.5 3.397550e-01
9192.5 3.396100e-01
9193.5 3.394650e-01
9194.5 3.393200e-01
9195.5 3.391750e-01
9196.5 3.390310e-01
9197.5 3.388860e-01
9198.5 3.387420e-01
9199.5 3.385980e-01
9200.5 3.384530e-01
9201.5 3.383090e-01
9202.5 3.381650e-01
9203.5 3.380210e-01
9204.5 3.378770e-01
9205.5 3.377310e-01
9206.5 3.374630e-01
9207.5 3.373580e-01
9208.5 3.372990e-01
9209.5 3.371590e-01
9210.5 3.370160e-01
9211.5 3.368730e-01
9212.5 3.367290e-01
9213.5 3.365860e-01
9214.5 3.364430e-01
9215.5 3.360070e-01
9216.5 3.358230e-01
9217.5 3.356260e-01
9218.5 3.355830e-01
9219.5 3.357290e-01
9220.5 3.355860e-01
9221.5 3.354440e-01
9222.5 3.353010e-01
9223.5 3.351590e-01
9224.5 3.350170e-01
9225.5 3.348740e-01
9226.5 3.347320e-01
9227.5 3.345900e-01
9228.5 3.344480e-01
9229.5 3.343060e-01
9230.5 3.341640e-01
9231.5 3.340220e-01
9232.5 3.338810e-01
9233.5 3.337390e-01
9234.5 3.335970e-01
9235.5 3.334560e-01
9236.5 3.333140e-01
9237.5 3.331730e-01
9238.5 3.330310e-01
9239.5 3.328900e-01
9240.5 3.327490e-01
9241.5 3.326080e-01
9242.5 3.324670e-01
9243.5 3.323260e-01
9244.5 3.321850e-01
9245.5 3.320440e-01
9246.5 3.319040e-01
9247.5 3.317630e-01
9248.5 3.316220e-01
9249.5 3.314820e-01
9250.5 3.313410e-01
9251.5 3.312010e-01
9252.5 3.310600e-01
9253.5 3.309200e-01
9254.5 3.307800e-01
9255.5 3.306400e-01
9256.5 3.305000e-01
9257.5 3.303600e-01
9258.5 3.302200e-01
9259.5 3.300790e-01
9260.5 3.299400e-01
9261.5 3.298000e-01
9262.5 3.293510e-01
9263.5 3.286200e-01
9264.5 3.293570e-01
9265.5 3.289230e-01
9266.5 3.287510e-01
9267.5 3.289630e-01
9268.5 3.288240e-01
9269.5 3.286850e-01
9270.5 3.285450e-01
9271.5 3.283980e-01
9272.5 3.281250e-01
9273.5 3.281110e-01
9274.5 3.279890e-01
9275.5 3.278510e-01
9276.5 3.277120e-01
9277.5 3.275740e-01
9278.5 3.274350e-01
9279.5 3.272970e-01
9280.5 3.271580e-01
9281.5 3.270200e-01
9282.5 3.268810e-01
9283.5 3.267430e-01
9284.5 3.266050e-01
9285.5 3.264670e-01
9286.5 3.263290e-01
9287.5 3.261910e-01
9288.5 3.260510e-01
9289.5 3.258480e-01
9290.5 3.256940e-01
9291.5 3.256380e-01
9292.5 3.255020e-01
9293.5 3.253640e-01
9294.5 3.252270e-01
9295.5 3.250870e-01
9296.5 3.246170e-01
9297.5 3.246320e-01
9298.5 3.246730e-01
9299.5 3.245400e-01
9300.5 3.244030e-01
9301.5 3.242660e-01
9302.5 3.241290e-01
9303.5 3.239910e-01
9304.5 3.238550e-01
9305.5 3.237180e-01
9306.5 3.235810e-01
9307.5 3.234440e-01
9308.5 3.233070e-01
9309.5 3.231710e-01
9310.5 3.230340e-01
9311.5 3.228980e-01
9312.5 3.227610e-01
9313.5 3.226250e-01
9314.5 3.224890e-01
9315.5 3.223520e-01
9316.5 3.222160e-01
9317.5 3.220800e-01
9318.5 3.219440e-01
9319.5 3.218080e-01
9320.5 3.212680e-01
9321.5 3.211090e-01
9322.5 3.214000e-01
9323.5 3.212450e-01
9324.5 3.205360e-01
9325.5 3.206460e-01
9326.5 3.208580e-01
9327.5 3.207220e-01
9328.5 3.205840e-01
9329.5 3.203450e-01
9330.5 3.202850e-01
9331.5 3.201800e-01
9332.5 3.200340e-01
9333.5 3.198530e-01
9334.5 3.197760e-01
9335.5 3.196400e-01
9336.5 3.195060e-01
9337.5 3.193710e-01
9338.5 3.190550e-01
9339.5 3.190620e-01
9340.5 3.189670e-01
9341.5 3.188320e-01
9342.5 3.186970e-01
9343.5 3.185610e-01
9344.5 3.183120e-01
9345.5 3.181580e-01
9346.5 3.175520e-01
9347.5 3.179590e-01
9348.5 3.178900e-01
9349.5 3.177580e-01
9350.5 3.176240e-01
9351.5 3.174900e-01
9352.5 3.173560e-01
9353.5 3.172220e-01
9354.5 3.170880e-01
9355.5 3.169550e-01
9356.5 3.168210e-01
9357.5 3.166880e-01
9358.5 3.165540e-01
9359.5 3.164210e-01
9360.5 3.162880e-01
9361.5 3.161540e-01
9362.5 3.160210e-01
9363.5 3.158880e-01
9364.5 3.157550e-01
9365.5 3.156220e-01
9366.5 3.154890e-01
9367.5 3.153560e-01
9368.5 3.152240e-01
9369.5 3.150910e-01
9370.5 3.149580e-01
9371.5 3.148260e-01
9372.5 3.146940e-01
9373.5 3.145610e-01
9374.5 3.144290e-01
9375.5 3.142970e-01
9376.5 3.141640e-01
9377.5 3.140320e-01
9378.5 3.139000e-01
9379.5 3.137680e-01
9380.5 3.136360e-01
9381.5 3.135040e-01
9382.5 3.133730e-01
9383.5 3.132410e-01
9384.5 3.131090e-01
9385.5 3.129780e-01
9386.5 3.128460e-01
9387.5 3.127150e-01
9388.5 3.125210e-01
9389.5 3.120390e-01
9390.5 3.117930e-01
9391.5 3.121900e-01
9392.5 3.120590e-01
9393.5 3.114000e-01
9394.5 3.113050e-01
9395.5 3.115990e-01
9396.5 3.115300e-01
9397.5 3.114040e-01
9398.5 3.112730e-01
9399.5 3.111430e-01
9400.5 3.110120e-01
9401.5 3.108820e-01
9402.5 3.107510e-01
9403.5 3.106210e-01
9404.5 3.104900e-01
9405.5 3.103050e-01
9406.5 3.102150e-01
9407.5 3.101000e-01
9408.5 3.099700e-01
9409.5 3.098400e-01
9410.5 3.097100e-01
9411.5 3.095800e-01
9412.5 3.094500e-01
9413.5 3.093200e-01
9414.5 3.091910e-01
9415.5 3.090610e-01
9416.5 3.089310e-01
9417.5 3.088020e-01
9418.5 3.086730e-01
9419.5 3.085430e-01
9420.5 3.084140e-01
9421.5 3.082840e-01
9422.5 3.081550e-01
9423.5 3.079120e-01
9424.5 3.078960e-01
9425.5 3.077680e-01
9426.5 3.076390e-01
9427.5 3.075100e-01
9428.5 3.073810e-01
9429.5 3.072520e-01
9430.5 3.071230e-01
9431.5 3.069570e-01
9432.5 3.068630e-01
9433.5 3.067380e-01
9434.5 3.066090e-01
9435.5 3.064810e-01
9436.5 3.063530e-01
9437.5 3.062240e-01
9438.5 3.060960e-01
9439.5 3.059680e-01
9440.5 3.057970e-01
9441.5 3.056780e-01
9442.5 3.055840e-01
9443.5 3.054560e-01
9444.5 3.053280e-01
9445.5 3.051950e-01
9446.5 3.049290e-01
9447.5 3.047770e-01
9448.5 3.048120e-01
9449.5 3.046890e-01
9450.5 3.045620e-01
9451.5 3.044340e-01
9452.5 3.043070e-01
9453.5 3.041790e-01
9454.5 3.040520e-01
9455.5 3.039250e-01
9456.5 3.037980e-01
9457.5 3.036700e-01
9458.5 3.035430e-01
9459.5 3.034170e-01
9460.5 3.032900e-01
9461.5 3.031630e-01
9462.5 3.030360e-01
9463.5 3.029090e-01
9464.5 3.026200e-01
9465.5 3.026430e-01
9466.5 3.022070e-01
9467.5 3.023860e-01
9468.5 3.022310e-01
9469.5 3.013750e-01
9470.5 3.014950e-01
9471.5 3.018980e-01
9472.5 3.017720e-01
9473.5 3.016460e-01
9474.5 3.007560e-01
9475.5 3.003600e-01
9476.5 3.012580e-01
9477.5 3.011430e-01
9478.5 3.010170e-01
9479.5 3.008910e-01
9480.5 3.007660e-01
9481.5 3.006400e-01
9482.5 3.005150e-01
9483.5 3.003900e-01
9484.5 3.002650e-01
9485.5 3.001400e-01
9486.5 3.000150e-01
9487.5 2.998900e-01
9488.5 2.997650e-01
9489.5 2.996400e-01
9490.5 2.995150e-01
9491.5 2.993900e-01
9492.5 2.992660e-01
9493.5 2.991410e-01
9494.5 2.989960e-01
9495.5 2.988820e-01
9496.5 2.987690e-01
9497.5 2.986440e-01
9498.5 2.985200e-01
9499.5 2.983960e-01
9500.5 2.981380e-01
9501.5 2.980480e-01
9502.5 2.980210e-01
9503.5 2.978070e-01
9504.5 2.977780e-01
9505.5 2.976540e-01
9506.5 2.975310e-01
9507.5 2.974080e-01
9508.5 2.972850e-01
9509.5 2.971620e-01
9510.5 2.970380e-01
9511.5 2.969160e-01
9512.5 2.967910e-01
9513.5 2.966630e-01
9514.5 2.963900e-01
9515.5 2.959120e-01
9516.5 2.962510e-01
9517.5 2.961580e-01
9518.5 2.957990e-01
9519.5 2.956980e-01
9520.5 2.957660e-01
9521.5 2.955040e-01
9522.5 2.955150e-01
9523.5 2.954320e-01
9524.5 2.952780e-01
9525.5 2.950990e-01
9526.5 2.950710e-01
9527.5 2.949590e-01
9528.5 2.948390e-01
9529.5 2.947170e-01
9530.5 2.945960e-01
9531.5 2.944750e-01
9532.5 2.943540e-01
9533.5 2.942330e-01
9534.5 2.941120e-01
9535.5 2.939910e-01
9536.5 2.938700e-01
9537.5 2.937490e-01
9538.5 2.936280e-01
9539.5 2.935080e-01
9540.5 2.933870e-01
9541.5 2.932660e-01
9542.5 2.931460e-01
9543.5 2.930260e-01
9544.5 2.929050e-01
9545.5 2.927850e-01
9546.5 2.926650e-01
9547.5 2.925450e-01
9548.5 2.924250e-01
9549.5 2.923050e-01
9550.5 2.921850e-01
9551.5 2.920650e-01
9552.5 2.919450e-01
9553.5 2.918250e-01
9554.5 2.917060e-01
9555.5 2.915860e-01
9556.5 2.914660e-01
9557.5 2.913470e-01
9558.5 2.912270e-01
9559.5 2.911080e-01
9560.5 2.909780e-01
9561.5 2.899080e-01
9562.5 2.898610e-01
9563.5 2.906100e-01
9564.5 2.905120e-01
9565.5 2.903930e-01
9566.5 2.902740e-01
9567.5 2.894160e-01
9568.5 2.892650e-01
9569.5 2.898930e-01
9570.5 2.895740e-01
9571.5 2.896480e-01
9572.5 2.895560e-01
9573.5 2.894420e-01
9574.5 2.893230e-01
9575.5 2.892050e-01
9576.5 2.890860e-01
9577.5 2.889680e-01
9578.5 2.888490e-01
9579.5 2.887310e-01
9580.5 2.886130e-01
9581.5 2.884940e-01
9582.5 2.883760e-01
9583.5 2.882580e-01
9584.5 2.881320e-01
9585.5 2.879120e-01
9586.5 2.878860e-01
9587.5 2.877770e-01
9588.5 2.876180e-01
9589.5 2.872960e-01
9590.5 2.873930e-01
9591.5 2.873080e-01
9592.5 2.871940e-01
9593.5 2.870140e-01
9594.5 2.869460e-01
9595.5 2.868450e-01
9596.5 2.867280e-01
9597.5 2.866110e-01
9598.5 2.864400e-01
9599.5 2.863770e-01
9600.5 2.862600e-01
9601.5 2.861430e-01
9602.5 2.860260e-01
9603.5 2.859090e-01
9604.5 2.857920e-01
9605.5 2.856760e-01
9606.5 2.855590e-01
9607.5 2.854350e-01
9608.5 2.852770e-01
9609.5 2.852090e-01
9610.5 2.850930e-01
9611.5 2.849770e-01
9612.5 2.848610e-01
9613.5 2.847450e-01
9614.5 2.846290e-01
9615.5 2.845120e-01
9616.5 2.843970e-01
9617.5 2.842810e-01
9618.5 2.841590e-01
9619.5 2.839180e-01
9620.5 2.839330e-01
9621.5 2.838180e-01
9622.5 2.837030e-01
9623.5 2.835870e-01
9624.5 2.834720e-01
9625.5 2.833560e-01
9626.5 2.832410e-01
9627.5 2.831240e-01
9628.5 2.828910e-01
9629.5 2.828880e-01
9630.5 2.827810e-01
9631.5 2.826660e-01
9632.5 2.825510e-01
9633.5 2.824360e-01
9634.5 2.823220e-01
9635.5 2.822070e-01
9636.5 2.820930e-01
9637.5 2.819780e-01
9638.5 2.818630e-01
9639.5 2.817490e-01
9640.5 2.816350e-01
9641.5 2.815200e-01
9642.5 2.814060e-01
9643.5 2.812920e-01
9644.5 2.811780e-01
9645.5 2.810640e-01
9646.5 2.809500e-01
9647.5 2.808360e-01
9648.5 2.807220e-01
9649.5 2.806080e-01
9650.5 2.804940e-01
9651.5 2.803800e-01
9652.5 2.802670e-01
9653.5 2.801530e-01
9654.5 2.800390e-01
9655.5 2.799260e-01
9656.5 2.798120e-01
9657.5 2.796990e-01
9658.5 2.795850e-01
9659.5 2.794720e-01
9660.5 2.793580e-01
9661.5 2.792450e-01
9662.5 2.791310e-01
9663.5 2.790180e-01
9664.5 2.789050e-01
9665.5 2.777470e-01
9666.5 2.786780e-01
9667.5 2.774500e-01
9668.5 2.784520e-01
9669.5 2.783000e-01
9670.5 2.781270e-01
9671.5 2.780850e-01
9672.5 2.769090e-01
9673.5 2.768510e-01
9674.5 2.777210e-01
9675.5 2.776600e-01
9676.5 2.775480e-01
9677.5 2.774350e-01
9678.5 2.773220e-01
9679.5 2.772090e-01
9680.5 2.770960e-01
9681.5 2.769830e-01
9682.5 2.768650e-01
9683.5 2.767260e-01
9684.5 2.764240e-01
9685.5 2.764580e-01
9686.5 2.764190e-01
9687.5 2.763070e-01
9688.5 2.761940e-01
9689.5 2.760810e-01
9690.5 2.759690e-01
9691.5 2.758560e-01
9692.5 2.757090e-01
9693.5 2.756190e-01
9694.5 2.755180e-01
9695.5 2.754060e-01
9696.5 2.752940e-01
9697.5 2.751810e-01
9698.5 2.750690e-01
9699.5 2.749560e-01
9700.5 2.748440e-01
9701.5 2.747320e-01
9702.5 2.746050e-01
9703.5 2.745000e-01
9704.5 2.742990e-01
9705.5 2.741920e-01
9706.5 2.740530e-01
9707.5 2.740530e-01
9708.5 2.739440e-01
9709.5 2.738310e-01
9710.5 2.736400e-01
9711.5 2.734670e-01
9712.5 2.734140e-01
9713.5 2.733810e-01
9714.5 2.732680e-01
9715.5 2.731540e-01
9716.5 2.730400e-01
9717.5 2.729260e-01
9718.5 2.728100e-01
9719.5 2.726930e-01
9720.5 2.725730e-01
9721.5 2.724130e-01
9722.5 2.723020e-01
9723.5 2.720970e-01
9724.5 2.713980e-01
9725.5 2.708270e-01
9726.5 2.666350e-01
9727.5 2.708800e-01
9728.5 2.713540e-01
9729.5 2.714530e-01
9730.5 2.714000e-01
9731.5 2.713150e-01
9732.5 2.710780e-01
9733.5 2.711220e-01
9734.5 2.710210e-01
9735.5 2.709150e-01
9736.5 2.708080e-01
9737.5 2.707010e-01
9738.5 2.705920e-01
9739.5 2.704820e-01
9740.5 2.703740e-01
9741.5 2.702630e-01
9742.5 2.701530e-01
9743.5 2.700450e-01
9744.5 2.699330e-01
9745.5 2.698120e-01
9746.5 2.695190e-01
9747.5 2.693490e-01
9748.5 2.690790e-01
9749.5 2.692810e-01
9750.5 2.687230e-01
9751.5 2.691100e-01
9752.5 2.690300e-01
9753.5 2.689450e-01
9754.5 2.688360e-01
9755.5 2.687260e-01
9756.5 2.686160e-01
9757.5 2.685060e-01
9758.5 2.683970e-01
9759.5 2.682870e-01
9760.5 2.681780e-01
9761.5 2.680690e-01
9762.5 2.679590e-01
9763.5 2.678500e-01
9764.5 2.677410e-01
9765.5 2.676320e-01
9766.5 2.675230e-01
9767.5 2.674140e-01
9768.5 2.673050e-01
9769.5 2.671960e-01
9770.5 2.670880e-01
9771.5 2.669790e-01
9772.5 2.668700e-01
9773.5 2.667620e-01
9774.5 2.666540e-01
9775.5 2.665450e-01
9776.5 2.664370e-01
9777.5 2.663290e-01
9778.5 2.662210e-01
9779.5 2.661130e-01
9780.5 2.660050e-01
9781.5 2.658970e-01
9782.5 2.647890e-01
9783.5 2.656460e-01
9784.5 2.646700e-01
9785.5 2.654480e-01
9786.5 2.653570e-01
9787.5 2.652400e-01
9788.5 2.649960e-01
9789.5 2.648800e-01
9790.5 2.638980e-01
9791.5 2.646130e-01
9792.5 2.639830e-01
9793.5 2.646100e-01
9794.5 2.645030e-01
9795.5 2.643970e-01
9796.5 2.642900e-01
9797.5 2.641840e-01
9798.5 2.640780e-01
9799.5 2.638360e-01
9800.5 2.636920e-01
9801.5 2.636410e-01
9802.5 2.633520e-01
9803.5 2.633200e-01
9804.5 2.633700e-01
9805.5 2.633350e-01
9806.5 2.632290e-01
9807.5 2.631240e-01
9808.5 2.630180e-01
9809.5 2.629130e-01
9810.5 2.628060e-01
9811.5 2.626980e-01
9812.5 2.625700e-01
9813.5 2.623030e-01
9814.5 2.623180e-01
9815.5 2.622010e-01
9816.5 2.621640e-01
9817.5 2.620690e-01
9818.5 2.619660e-01
9819.5 2.618630e-01
9820.5 2.617580e-01
9821.5 2.616540e-01
9822.5 2.615470e-01
9823.5 2.613930e-01
9824.5 2.611620e-01
9825.5 2.612300e-01
9826.5 2.611320e-01
9827.5 2.610290e-01
9828.5 2.609250e-01
9829.5 2.608210e-01
9830.5 2.607170e-01
9831.5 2.606130e-01
9832.5 2.605100e-01
9833.5 2.604060e-01
9834.5 2.603030e-01
9835.5 2.601990e-01
9836.5 2.600960e-01
9837.5 2.599930e-01
9838.5 2.598890e-01
9839.5 2.597860e-01
9840.5 2.596830e-01
9841.5 2.595800e-01
9842.5 2.594770e-01
9843.5 2.593740e-01
9844.5 2.592720e-01
9845.5 2.591690e-01
9846.5 2.590640e-01
9847.5 2.589400e-01
9848.5 2.583670e-01
9849.5 2.586960e-01
9850.5 2.586520e-01
9851.5 2.585540e-01
9852.5 2.584520e-01
9853.5 2.583490e-01
9854.5 2.582470e-01
9855.5 2.581450e-01
9856.5 2.580380e-01
9857.5 2.578360e-01
9858.5 2.578070e-01
9859.5 2.577350e-01
9860.5 2.576350e-01
9861.5 2.575330e-01
9862.5 2.574280e-01
9863.5 2.570710e-01
9864.5 2.570860e-01
9865.5 2.571270e-01
9866.5 2.569780e-01
9867.5 2.567090e-01
9868.5 2.567000e-01
9869.5 2.567210e-01
9870.5 2.566200e-01
9871.5 2.565180e-01
9872.5 2.564170e-01
9873.5 2.563160e-01
9874.5 2.562150e-01
9875.5 2.561140e-01
9876.5 2.560110e-01
9877.5 2.559060e-01
9878.5 2.557720e-01
9879.5 2.556450e-01
9880.5 2.556000e-01
9881.5 2.555020e-01
9882.5 2.553720e-01
9883.5 2.549800e-01
9884.5 2.551780e-01
9885.5 2.551020e-01
9886.5 2.550030e-01
9887.5 2.549030e-01
9888.5 2.548020e-01
9889.5 2.547010e-01
9890.5 2.546010e-01
9891.5 2.545000e-01
9892.5 2.543990e-01
9893.5 2.542990e-01
9894.5 2.541980e-01
9895.5 2.540980e-01
9896.5 2.539970e-01
9897.5 2.538970e-01
9898.5 2.537960e-01
9899.5 2.536960e-01
9900.5 2.535950e-01
9901.5 2.534950e-01
9902.5 2.533950e-01
9903.5 2.532940e-01
9904.5 2.531940e-01
9905.5 2.530940e-01
9906.5 2.529940e-01
9907.5 2.528930e-01
9908.5 2.527930e-01
9909.5 2.526930e-01
9910.5 2.525930e-01
9911.5 2.524920e-01
9912.5 2.523920e-01
9913.5 2.508760e-01
9914.5 2.519330e-01
9915.5 2.519330e-01
9916.5 2.506260e-01
9917.5 2.518920e-01
9918.5 2.517920e-01
9919.5 2.516920e-01
9920.5 2.515910e-01
9921.5 2.514880e-01
9922.5 2.497250e-01
9923.5 2.506370e-01
9924.5 2.491250e-01
9925.5 2.510070e-01
9926.5 2.509810e-01
9927.5 2.508900e-01
9928.5 2.507930e-01
9929.5 2.506930e-01
9930.5 2.505930e-01
9931.5 2.504940e-01
9932.5 2.503940e-01
9933.5 2.502950e-01
9934.5 2.501950e-01
9935.5 2.500960e-01
9936.5 2.499960e-01
9937.5 2.498970e-01
9938.5 2.497970e-01
9939.5 2.494480e-01
9940.5 2.493740e-01
9941.5 2.494990e-01
9942.5 2.494000e-01
9943.5 2.491210e-01
9944.5 2.490400e-01
9945.5 2.488880e-01
9946.5 2.490040e-01
9947.5 2.489050e-01
9948.5 2.488070e-01
9949.5 2.487080e-01
9950.5 2.486090e-01
9951.5 2.485100e-01
9952.5 2.484120e-01
9953.5 2.483130e-01
9954.5 2.482150e-01
9955.5 2.481160e-01
9956.5 2.480150e-01
9957.5 2.478530e-01
9958.5 2.474390e-01
9959.5 2.477120e-01
9960.5 2.476250e-01
9961.5 2.475280e-01
9962.5 2.474300e-01
9963.5 2.473310e-01
9964.5 2.472120e-01
9965.5 2.464850e-01
9966.5 2.469380e-01
9967.5 2.469370e-01
9968.5 2.468450e-01
9969.5 2.467470e-01
9970.5 2.466500e-01
9971.5 2.465510e-01
9972.5 2.462350e-01
9973.5 2.463140e-01
9974.5 2.457590e-01
9975.5 2.458500e-01
9976.5 2.460480e-01
9977.5 2.459690e-01
9978.5 2.458760e-01
9979.5 2.457800e-01
9980.5 2.456840e-01
9981.5 2.455880e-01
9982.5 2.454920e-01
9983.5 2.453960e-01
9984.5 2.453000e-01
9985.5 2.452040e-01
9986.5 2.451080e-01
9987.5 2.450130e-01
9988.5 2.449170e-01
9989.5 2.448220e-01
9990.5 2.447260e-01
9991.5 2.446310e-01
9992.5 2.445360e-01
9993.5 2.444410e-01
9994.5 2.443460e-01
9995.5 2.442510e-01
9996.5 2.441560e-01
9997.5 2.440620e-01
9998.5 2.439670e-01
9999.5 2.438720e-01
